Country,Day,Month,Year,Treat,Score,PointsFromCutpoint,Use,AGG5YearsBefore,AGG3YearsBefore,AGGYearBefore,AGG3YearsAfter,AGGM5.33,AGGM4.67,AGGM4,AGGM3.33,AGGM2.67,AGGM2,AGGM1.33,AGGM.67,AGG0,AGGP.67,AGGP1.33,AGGP2,AGGP2.67,AGGP3.33,AGGP4,FatalAGGBefore,FatalAGGAfter,Irst,Milex,Milper,Energy,Tpop,Upop,CINC,LandArea,GreatPower,Alliances,USAlly,EntranceYear,Imports,Exports,EngagedCivilWar,EndedCivilWar,PrevAppear,BirthRate,DeathRate,SexRatio,InfantMortality,LifeExpectancy,MedianAge,SoccerMostPopular,Region,Democracy
Belgium,19,12,1979,1,12,1,1,0,0,0,0,0,0,0,0,0,0,0,0,0,0,0,0,0,0,0,0,0,12624000,3166709000,109000,84655610,9830000,1152000,0.0065112,11787,0,20,1,1830,46677070000,43086890000,0,0,0,14,12,95.6,17,71.63,34,1,Europe,1
Spain,9,12,1979,1,9,1,1,1,0,0,0,0,1,0,0,0,0,0,0,0,0,0,0,0,0,0,0,0,11469000,2460818000,372000,109166600,36775000,14123000,0.0115043,195364,0,1,1,1816,18713200000,13117600000,0,0,0,19,9,95.9,24,72.51,30.1,1,Europe,1
Netherlands,21,11,1979,1,13,1,1,0,0,0,1,0,0,0,0,0,0,0,0,0,1,0,0,0,0,0,0,1,5591000,4225365000,106000,149024200,13937000,3756000,0.0067756,16039,0,20,1,1816,53840300000,50139700000,0,0,1,15,8,99.2,11,74.11,29.4,1,Europe,1
Czechoslovakia,24,11,1979,1,10,1,1,0,0,0,0,0,0,0,0,0,0,0,0,0,0,0,0,0,0,0,0,0,15294000,4686400000,183000,128115400,15137000,2604000,0.0092123,49382,0,11,0,1918,12604160000,11739990000,0,0,1,18.5,11.6,95.1,19,70.5,31.7,1,Europe,0
Greece,31,10,1979,1,7,1,1,1,0,0,0,0,2,0,0,0,0,0,0,0,0,0,0,0,0,0,0,0,1000000,2118955000,186000,28635600,9430000,1914000,0.0032474,50944,0,14,1,1828,7818120000,3375300000,0,0,0,16,9,96,34,72.34,33.9,1,Europe,1
German Federal Republic,22,12,1979,1,10,3,0,0,0,0,1,0,0,0,0,0,0,0,0,0,1,0,0,0,0,0,0,0,41253000,21417405000,491000,396751500,61350000,21145000,0.0319268,95976,0,20,1,1955,1.21805E+11,1.42609E+11,0,0,1,9.6,11.7,91.5,15,72.3,36.7,1,Europe,1
Belgium,12,10,1983,1,9,3,0,0,0,0,0,0,0,0,0,0,0,0,0,0,0,0,0,0,0,1,0,0,10182000,2891634000,109000,70875010,9856000,1339000,0.0054972,11787,0,21,1,1830,55451570000,50000280000,0,0,1,13,12,95.6,13,72.71,34.1,1,Europe,1
Portugal,16,11,1983,1,10,1,1,0,0,0,0,0,0,0,0,0,0,0,0,0,0,0,0,0,0,0,0,0,602000,803621000,91000,15255500,9912000,1137000,0.0016519,35603,0,16,1,1816,9488120000,4174320000,0,0,0,18,10,92.8,31,70.11,30.6,1,Europe,1
Denmark,16,11,1983,1,13,1,1,0,0,0,0,0,0,0,0,0,0,0,0,0,0,0,0,0,0,0,0,0,560000,1400045000,32000,21848100,5118000,1115000,0.0013243,16639,0,15,1,1816,16690800000,15397300000,0,0,0,12,10,97.5,9,74.23,34.3,1,Europe,1
Romania,30,11,1983,1,12,1,1,0,0,0,0,0,0,0,0,0,0,0,0,0,0,0,0,0,0,0,0,0,13055000,4890712000,213000,145485500,22478000,5981000,0.0095891,92043,0,11,0,1878,9155750000,10122500000,0,0,0,19,10,97.4,31,69.46,30.7,1,Europe,0
Spain,21,12,1983,1,13,0,1,0,0,0,1,0,0,0,0,0,0,0,0,0,0,0,0,1,0,0,0,0,13449000,3725113000,372000,117942700,37970000,15310000,0.0121352,195364,0,15,1,1816,31470200000,20497800000,0,0,1,17,8,96.3,16,74.14,30.7,1,Europe,1
Spain,18,11,1987,1,10,1,1,1,1,0,0,0,0,0,0,0,0,1,0,0,0,0,0,0,0,0,0,0,11905000,4510000000,314000,269102200,38604000,13099000,0.0113767,195364,0,15,1,1816,35056000000,27206600000,0,0,1,13,8,96.3,11,75.95,31.9,1,Europe,1
Italy,14,11,1987,1,13,3,0,0,0,0,0,0,0,0,0,0,0,0,0,0,0,0,0,0,0,0,0,0,22882000,9760000000,529000,480527100,57246000,15333000,0.0192597,116346,0,21,1,1816,99926600000,97836200000,0,0,0,11,10,94.4,13,74.76,35.5,1,Europe,1
Soviet Union,28,10,1987,1,13,2,0,12,5,3,0,3,3,4,1,2,0,1,0,3,0,0,0,0,0,0,3,0,161000000,2.876E+11,3900000,2641083000,280016000,114802000,0.1692345,8649538,1,24,0,1816,52006100000,42982600000,0,0,0,19.1,10.7,88.4,26,67.9,30,1,Europe,0
United Kingdom,11,11,1987,1,11,3,0,1,1,0,0,0,1,0,0,0,1,0,0,0,0,0,0,0,0,1,3,0,14725000,27344000000,331000,489247300,56852000,40788000,0.0234791,94060,1,22,1,1816,1.26327E+11,1.07094E+11,0,0,0,13,12,94.6,11,74.11,35.3,1,Europe,1
Netherlands,9,12,1987,1,14,5,0,1,1,1,0,0,0,0,0,0,0,0,0,1,0,0,0,0,0,0,0,0,5283000,5610000000,106000,291752700,14564000,3720000,0.0068518,16039,0,21,1,1816,75581100000,80556300000,0,0,0,12,8,97.9,8,76.13,32.9,1,Europe,1
Denmark,14,10,1987,1,8,1,1,0,0,0,0,0,0,0,0,0,0,0,0,0,0,0,0,0,0,0,0,0,632000,1560000000,28000,55649190,5121000,1128000,0.0015022,16639,0,15,1,1816,22844100000,21159200000,0,0,1,10,11,97.1,8,74.41,36,1,Europe,1
Ireland,11,11,1987,1,11,1,1,2,1,0,0,0,0,0,0,1,1,0,0,0,0,0,0,0,0,0,0,0,208000,417880000,14000,10481880,3541000,633000,0.0005286,32595,0,0,0,1922,11617800000,12666600000,0,0,0,19,9,100,10,73.09,27.3,0,Europe,1
France,12,10,1991,1,16,6,0,5,4,1,6,0,0,0,1,0,0,3,0,1,1,3,0,2,0,0,0,0,19020000,34790000000,554000,571024400,56735000,9854000,0.0221232,260585,1,28,1,1816,2.34439E+11,2.16431E+11,0,0,0,14,10,94.8,8,76.14,34.8,1,Europe,1
Russia,13,11,1991,1,13,3,0,3,0,0,13,1,0,3,0,0,0,0,0,0,2,6,2,3,1,1,0,2,154000000,1.2879E+11,3400000,2653776000,281344000,111594000,0.1238611,8649538,1,17,0,1816,58559400000,45923800000,0,0,1,16,11,87.9,24,69.11,33.3,1,Europe,0
Netherlands,4,12,1991,1,13,2,0,1,0,0,2,0,0,1,0,0,0,0,0,0,1,0,1,0,0,0,0,0,5408000,7820000000,104000,318299800,14952000,3882000,0.0070228,16039,0,24,1,1816,1.23383E+11,1.30715E+11,0,0,1,13,8,97.7,7,76.73,34.4,1,Europe,1
United Kingdom,13,11,1991,1,9,1,1,1,1,1,4,0,0,0,0,0,0,0,0,1,0,2,1,0,1,0,0,0,16464000,38520000000,308000,510526700,57561000,46950000,0.0252901,94060,1,25,1,1816,2.23048E+11,1.85127E+11,0,0,1,14,12,94.5,9,75.02,35.8,1,Europe,1
Portugal,21,11,2007,1,27,3,0,0,0,0,0,0,0,0,0,0,0,0,0,0,0,0,0,0,0,0,0,0,1400000,3143000000,45000,100254600,10584000,920000,0.0019316,35603,0,28,1,1816,66574000000,43337400000,0,0,1,11,10,93.3,5,77.33,37.7,1,Europe,1
Turkey,21,11,2007,1,24,1,1,6,3,2,1,1,1,0,1,2,1,0,0,2,0,0,0,1,0,0,0,0,23315000,13038000000,515000,338657000,72974000,15407000,0.0142525,302535,0,25,1,1816,1.38295E+11,85466000000,0,0,1,20,6,99.8,31,70.95,24.5,1,Europe,1
Germany,13,10,2007,1,27,10,0,0,0,0,0,0,0,0,0,0,0,0,0,0,0,0,0,0,0,0,0,0,47224000,37956000000,285000,1185724000,82366000,25360000,0.0249687,137847,1,19,1,1816,9.08651E+11,1.11105E+12,0,0,1,9,10,95.3,4,78.69,39.9,1,Europe,1
Russia,21,11,2007,1,24,1,1,7,5,1,6,1,1,1,0,0,2,1,1,1,3,3,0,0,0,0,0,0,70830000,24577000000,1027000,1571583000,142487000,67982000,0.0393349,8649538,1,41,0,1816,1.32517E+11,2.91301E+11,0,0,0,10,16,87.7,17,64.88,36.5,1,Europe,0
Netherlands,17,11,2007,1,26,1,1,1,0,0,0,0,0,1,0,0,0,0,0,0,0,0,0,0,0,0,0,0,6372000,10181000000,53000,358509600,16346000,5136000,0.0056234,16039,0,27,1,1816,4.17011E+11,4.63517E+11,0,0,1,12,9,97.9,5,78.68,37.3,1,Europe,1
Senegal,22,11,1967,1,5,0,1,0,0,0,0,0,0,0,0,0,0,0,0,0,0,0,0,0,1,0,0,0,0,15009000,7000,27000,4009000,582000,0.0004312,76000,0,0,0,1960,155000000,149400000,0,0,1,50,25,102.3,123,39.26,18.6,1,Africa,0
Algeria,11,10,1967,1,8,4,0,0,0,0,1,0,0,0,0,0,0,0,0,0,0,1,0,0,0,0,0,0,21000,99251000,75000,4497000,12661000,1625000,0.0018812,919595,0,25,0,1962,638600000,621200000,0,0,0,50,19,101,159,48.31,16.7,1,Africa,0
Ivory Coast,1,11,1967,1,7,4,0,0,0,0,0,0,0,0,0,0,0,0,0,0,0,0,0,0,0,0,0,0,0,13109000,6000,34000,4703000,302000,0.0003772,124502,0,0,0,1960,257600000,310700000,0,0,1,52,23,105.8,155,40.91,18,1,Africa,0
Congo,16,8,1967,1,5,2,0,0,0,0,1,0,0,0,0,0,0,0,0,0,0,0,1,0,0,0,0,0,0,7737000,5000,94000,1139000,141000,0.0001436,132047,0,3,0,1960,69100000,43200000,0,0,0,43,16,98.1,107,50.17,18.9,1,Africa,0
Cameroon,14,7,1991,1,9,3,2,1,0,0,1,0,0,1,0,0,0,0,0,0,0,0,0,1,0,1,0,0,0,190900000,23000,3718135,11484000,1706000,0.0007896,183568,0,0,0,1960,1554860000,2025800000,0,0,1,43,14,98.7,93,53.24,17.3,1,Africa,0
Egypt,26,7,1991,1,9,0,1,2,2,1,1,0,0,0,0,0,1,0,0,1,0,0,1,0,0,1,0,1,2325000,1570000000,434000,59426570,53270000,17654000,0.00785,387048,0,35,0,1855,9279600000,2585190000,0,0,1,35,10,101,85,60.46,19.4,1,Africa,0
Morocco,30,4,1991,1,8,2,0,1,0,0,0,0,1,0,0,0,0,0,0,0,0,0,0,0,0,0,0,3,7000,1500000000,195000,13587130,24487000,8271000,0.0034196,172487,0,43,0,1847,7919210000,4585920000,0,0,0,32,9,99.5,79,62.7,19.7,1,Africa,0
Nigeria,27,7,1991,1,11,2,0,0,0,0,1,0,0,0,0,0,0,0,0,0,0,0,1,0,1,0,0,0,220000,284270000,94000,82822300,96154000,13531000,0.0061654,356667,0,15,0,1960,4317370000,10273100000,0,0,1,45,19,101.3,127,45.81,17.5,1,Africa,0
Zambia,28,7,1991,1,9,3,2,1,0,0,0,0,1,0,0,0,0,0,0,0,0,0,0,0,0,0,0,0,0,94990000,16000,7885816,8073000,2325000,0.0007405,290587,0,0,0,1964,1217990000,543610000,0,0,1,44,15,98.9,103,49.77,16.9,1,Africa,0
Kenya,28,7,1991,1,4,0,2,0,0,0,0,0,0,0,0,0,0,0,0,0,0,0,0,0,0,1,0,0,20000,211519000,20000,10700620,24032000,1899000,0.0012588,224080,0,1,0,1963,2048280000,1119930000,0,0,1,45,10,99.3,67,59.56,15.5,1,Africa,0
Congo,14,7,1991,1,7,3,2,0,0,0,0,0,0,0,0,0,0,0,0,0,0,0,0,0,0,0,0,0,0,86880000,9000,2130453,2232000,1159000,0.0003113,132047,0,1,0,1960,597890000,1208770000,0,0,0,39,11,99.4,73,57.08,17.9,1,Africa,0
DRC,29,7,1991,1,7,0,1,0,0,0,3,0,0,0,0,0,0,0,0,0,0,0,2,0,2,0,0,0,30000,58662000,55000,15886460,35562000,7495000,0.0025798,905355,0,2,0,1960,1304110000,1353280000,0,0,0,50,19,97.5,121,46.56,16.5,1,Africa,0
Cameroon,30,7,1995,1,7,2,0,2,2,1,2,0,0,0,0,0,0,1,0,1,1,0,0,1,0,0,0,0,0,141000000,12000,4976745,12833000,2055000,0.0007759,183568,0,0,0,1960,717430000,1359660000,0,0,0,43,14,98.7,93,53.24,17.3,1,Africa,0
Liberia,15,7,1995,1,10,1,1,0,0,0,0,1,0,0,0,0,0,0,0,0,0,0,0,0,0,0,0,0,0,36000000,-9000,932947.8,2700000,420000,0.000173,43000,0,17,1,1920,6056180000,612410000,1,0,0,47,21,99.3,164,42.8,17.1,1,Africa,0
Sierra Leone,8,4,1995,1,6,6,2,1,0,0,0,0,0,1,0,0,0,0,0,0,0,0,0,0,0,0,0,0,0,50000000,5000,1726077,4127000,586000,0.000251,27699,0,15,0,1961,254900000,115510000,0,0,1,43,23,95.4,154,40.62,18.8,1,Africa,0
Algeria,30,7,1995,1,13,3,2,0,0,0,0,0,0,0,0,0,0,0,0,0,0,0,0,0,0,0,0,0,807000,1306000000,126000,203675600,27496000,7653000,0.0047015,919595,0,39,0,1962,9570630000,8591750000,1,0,0,35,7,101.5,50,65.9,18.1,1,Africa,0
Zambia,4,6,1995,1,6,6,2,0,0,0,0,0,0,0,0,0,0,0,0,0,0,0,0,0,0,0,0,0,0,60000000,16000,8474479,7897000,2631000,0.0007354,290587,0,0,0,1964,455550000,757610000,0,0,1,44,15,98.9,103,49.77,16.9,1,Africa,0
Mozambique,30,7,1995,1,14,2,0,0,0,0,0,0,0,0,0,0,0,0,0,0,0,0,0,0,0,0,0,0,0,106000000,11000,8475092,16614000,2271000,0.0009276,309496,0,1,0,1975,1261600000,161190000,0,0,0,44,21,91.6,143,42.76,16.5,1,Africa,0
Ivory Coast,30,7,1995,1,4,1,0,0,0,0,0,0,0,0,0,0,0,0,0,0,0,0,0,0,0,0,0,0,0,82000000,15000,6752036,13695000,3247000,0.0009633,124502,0,15,0,1960,1960630000,2829440000,0,0,1,43,13,108,93,52.94,17.4,1,Africa,0
Gabon,25,7,1993,1,10,1,2,0,0,0,0,0,0,0,0,0,0,0,0,0,0,0,0,0,0,0,0,0,0,-9000,7000,3560105,990000,323000,0.0001791,103347,0,1,0,1960,968790000,2286050000,0,0,0,38,11,98.1,63,60.61,19.5,1,Africa,0
Nigeria,24,7,1993,1,8,1,2,1,1,1,1,0,0,0,0,0,0,0,0,1,0,0,0,1,0,1,0,0,140000,176900000,76000,95496590,102128000,15123000,0.0064947,356667,0,15,0,1960,9324130000,12369700000,0,0,1,45,19,101.3,127,45.81,17.5,1,Africa,0
Senegal,24,1,1993,1,5,5,2,3,2,1,0,0,0,0,0,2,0,0,0,1,0,0,0,0,0,0,0,0,0,126700000,18000,2946615,7704000,2385000,0.0007225,76000,0,15,0,1960,1258260000,741370000,0,0,1,45,14,99.9,80,52.41,16.3,1,Africa,0
DRC,25,7,1993,1,8,0,2,2,2,2,2,0,0,0,0,0,0,0,0,2,0,2,0,0,1,1,0,0,30000,-9000,45000,17339430,40568000,8375000,0.0033578,905355,0,2,0,1960,809670000,1485750000,0,0,1,50,19,97.5,121,46.56,16.5,1,Africa,0
Zambia,25,7,1993,1,10,1,2,0,0,0,0,0,0,0,0,0,0,0,0,0,0,0,0,0,0,0,0,0,0,-9000,16000,8210999,7555000,2478000,0.0008789,290587,0,0,0,1964,836800000,751830000,0,0,1,44,15,98.9,103,49.77,16.9,1,Africa,0
Guinea,24,10,1993,1,5,0,2,0,0,0,1,0,0,0,0,0,0,0,0,0,0,0,0,1,0,1,0,0,0,-9000,15000,2478810,6398000,664000,0.0004863,94926,0,17,0,1958,863240000,573390000,0,0,0,47,22,101.6,145,42.48,17.8,1,Africa,0
Egypt,25,7,1993,1,6,0,2,3,2,1,2,0,0,1,0,0,1,0,0,1,0,0,1,0,1,0,1,0,2500000,2470000000,424000,62302800,55739000,17860000,0.0085444,387048,0,35,0,1855,8291110000,3049930000,0,0,1,35,10,101,85,60.46,19.4,1,Africa,0
Angola,27,7,1997,1,6,2,0,2,2,1,2,0,0,0,0,0,1,0,0,1,1,1,0,0,0,1,0,0,9000,460000000,95000,14165020,11185000,2154000,0.0014532,481354,0,0,0,1975,2078380000,4543830000,0,0,0,52,23,96.9,150,41.39,16.1,1,Africa,0
Algeria,27,7,1997,1,10,1,1,0,0,0,0,0,0,0,0,0,0,0,0,0,0,0,0,0,0,0,0,0,651000,1840000000,119000,218794000,28566000,8191000,0.0047258,919595,0,39,0,1962,9105620000,11099200000,1,0,0,29,6,101.7,42,67.84,19.5,1,Africa,0
Egypt,27,7,1997,1,9,1,2,3,2,0,1,0,0,1,0,0,1,0,1,0,0,0,0,1,0,0,0,0,2618000,2742000000,430000,80110190,60603000,18685000,0.0086174,387048,0,35,0,1855,13019200000,3534480000,0,0,1,29,8,101,67,63.73,20.2,1,Africa,0
Guinea,23,2,1997,1,6,6,2,1,1,1,2,0,0,0,0,0,0,0,1,0,1,0,0,1,0,1,0,0,0,58000000,12000,3869376,7518000,790000,0.0004297,94926,0,17,0,1958,606590000,659320000,0,0,1,46,20,101.8,131,44.8,17.7,1,Africa,0
Namibia,27,7,1997,1,8,1,1,0,0,0,1,0,0,0,0,0,0,0,0,0,0,1,0,0,0,0,0,0,0,74000000,8000,581463.7,1575000,142000,0.0001388,318696,0,0,0,1990,-9000000,-9000000,0,0,0,37,9,96.6,62,60.93,18.6,1,Africa,0
DRC,27,7,1997,1,9,1,2,6,3,2,2,0,0,2,0,2,0,0,1,1,1,1,0,0,0,0,0,0,30000,174000000,50000,20377420,46812000,10416000,0.0030034,905355,0,0,0,1960,1353200000,1463670000,1,0,1,51,18,98.1,119,46.91,16.1,1,Africa,0
Mozambique,27,7,1997,1,10,1,2,0,0,0,0,0,0,0,0,0,0,0,0,0,0,0,0,0,0,0,0,0,0,64000000,11000,8687902,17796000,2569000,0.0009423,309496,0,0,0,1975,791920000,226080000,0,0,0,43,20,91.2,134,44.13,17.7,1,Africa,0
Togo,20,6,1999,1,4,0,0,0,0,0,0,2,0,0,0,0,0,0,0,0,0,0,0,0,0,0,0,0,0,35000000,12000,2283844,4397000,553000,0.0002933,21925,0,15,0,1960,429590000,252630000,0,0,1,41,13,97.8,91,53.63,17.4,1,Africa,0
Congo,20,6,1999,1,10,1,2,0,0,0,0,0,0,0,0,0,0,0,0,0,0,0,0,0,0,0,0,0,0,83000000,10000,2417705,2785000,1663000,0.0003481,132047,0,2,0,1960,1119320000,1566940000,0,0,0,38,12,99.6,74,55.27,18.4,1,Africa,0
Gabon,20,6,1999,1,10,4,2,0,0,0,0,0,0,0,0,0,0,0,0,0,0,0,0,0,0,0,0,0,0,135000000,7000,2834854,1167000,445000,0.000178,103347,0,1,0,1960,1094560000,2498950000,0,0,0,38,11,98.6,59,61.36,19,1,Africa,0
DRC,6,6,1999,1,10,5,0,5,4,1,0,0,1,1,0,1,1,1,1,0,0,0,0,0,0,0,0,0,30000,371000000,50000,21057830,49139000,11560000,0.0031047,905355,0,1,0,1960,876150000,1028980000,0,0,1,51,18,98.1,119,46.91,16.1,1,Africa,0
Algeria,20,6,1999,1,7,0,2,0,0,0,0,0,0,0,0,0,0,0,0,0,0,0,0,0,0,0,0,0,600000,3125000000,120000,216631900,30081000,8729000,0.0049828,919595,0,39,0,1962,9403620000,10025300000,1,0,1,29,6,101.7,42,67.84,19.5,1,Africa,0
Senegal,21,8,1999,1,9,0,2,0,0,0,1,0,0,0,0,0,0,0,0,0,0,0,0,0,1,0,0,0,0,83000000,13000,3161292,9003000,2465000,0.0006281,76000,0,15,0,1960,1536840000,823880000,0,0,0,43,13,99.7,72,53.78,16.7,1,Africa,0
Zambia,6,16,2001,1,8,3,0,0,0,0,1,0,0,0,0,0,0,0,0,0,0,0,0,1,0,0,0,0,0,29000000,22000,9332933,9169000,2407000,0.0007019,290587,0,0,0,1964,1100630000,757460000,0,0,1,45,20,99.5,105,42.63,17.1,1,Africa,0
South Africa,6,3,2001,1,12,7,0,0,0,0,0,0,0,0,0,0,0,0,0,0,0,0,0,0,0,0,0,0,8481000,2019000000,63000,286648600,40377000,13041000,0.0068133,471443,0,1,0,1920,29354500000,30429300000,0,0,1,25,10,96.9,56,57.66,22.9,1,Africa,1
Tunisia,6,17,2001,1,8,0,1,0,0,0,0,0,0,0,0,0,0,0,0,0,0,0,0,0,0,0,0,0,229000,357000000,35000,8793005,9586000,1489000,0.000841,63170,0,39,0,1825,8600960000,5995810000,0,0,0,18,6,101,27,71.98,24.7,1,Africa,0
Burkina Faso,6,17,2001,1,11,3,0,0,0,0,0,0,0,0,0,0,0,0,0,0,0,0,0,0,0,0,0,0,0,36000000,7000,2393009,11937000,1205000,0.000511,105869,0,15,0,1960,498150000,170740000,0,0,1,46,16,97,93,49.61,16.5,1,Africa,0
Senegal,3,24,2001,1,5,4,0,0,0,0,0,0,0,0,0,0,0,0,0,0,1,0,0,0,0,0,0,0,0,62000000,9000,3056386,9481000,2606000,0.0005907,76000,0,15,0,1960,1462900000,692990000,0,0,1,41,12,98.8,66,54.98,17,1,Africa,1
DRC,6,17,2001,1,8,2,0,3,1,0,0,2,0,1,1,0,0,0,0,0,0,0,0,0,0,0,0,0,30000,400000000,56000,22143860,51654000,12777000,0.0032049,905355,0,11,0,1960,668930000,1133260000,0,0,1,50,20,98.5,128,45.11,16,1,Africa,0
Ivory Coast,3,6,2001,1,11,5,0,0,0,0,0,0,0,0,0,0,0,0,0,0,0,0,0,0,0,1,0,0,0,82000000,8000,8970807,14786000,3906000,0.0008875,124502,0,15,0,1960,2733770000,3849500000,0,0,1,38,14,106.2,92,50.28,18.7,1,Africa,0
Zimbabwe,5,8,2003,1,13,2,0,1,0,0,0,0,1,0,0,0,0,0,0,0,0,0,0,0,0,0,0,0,105000,920000000,26000,14731790,12813000,2424000,0.0010488,150871,0,0,0,1965,2325750000,2009500000,0,0,0,31,15,98.7,65,48.19,18.2,1,Africa,0
Zambia,3,9,2005,1,19,9,2,1,1,0,0,0,0,0,0,0,0,0,1,0,0,0,0,0,0,0,0,0,0,122000000,16000,11048520,11090000,2648000,0.000717,290587,0,0,0,1964,2150980000,1574890000,0,0,0,45,20,99.5,105,42.63,17.1,1,Africa,0
South Africa,8,10,2005,1,16,3,0,0,0,0,0,0,0,0,0,0,0,0,0,0,0,0,0,0,0,0,0,0,9500000,3132000000,55000,332615200,46787000,14227000,0.00676,471443,0,1,0,1920,51885300000,45554800000,0,0,1,25,10,96.9,56,57.66,22.9,1,Africa,1
Libya,4,9,2005,1,12,6,0,1,1,0,0,0,0,0,0,1,0,0,0,0,0,0,0,0,0,0,0,0,1026000,715000000,76000,53421240,5803000,4673000,0.0017393,679359,0,38,0,1951,8164000000,19358200000,0,0,0,23,4,105.9,21,71.59,21.9,1,Africa,0
Zimbabwe,4,9,2005,1,15,5,2,0,0,0,0,0,0,0,0,0,0,0,0,0,0,0,0,0,0,0,0,0,135000,251000000,29000,14445150,12519000,2485000,0.0009107,150871,0,0,0,1965,2152660000,1768520000,0,0,1,31,15,98.7,65,48.19,18.2,1,Africa,0
Guinea,4,9,2005,1,17,7,0,1,0,0,0,0,0,1,0,0,0,0,0,0,0,0,0,0,0,0,0,0,0,82000000,9000,3836921,9214000,1027000,0.0004331,94926,0,14,0,1958,1140480000,559650000,0,0,1,43,18,101.9,119,46.63,17.7,1,Africa,0
Morocco,2,6,2007,1,10,6,0,1,0,0,0,0,1,0,0,0,0,0,0,0,0,0,0,0,0,0,0,0,314000,2161000000,201000,30098800,30506000,18183000,0.0043405,172487,0,37,0,1847,25274200000,13251200000,0,0,1,21,6,98.1,41,69.61,22.6,1,Africa,0
South Africa,9,9,2007,1,11,0,1,0,0,0,0,0,0,0,0,0,0,0,0,0,0,0,0,0,0,0,0,0,9718000,3527000000,56000,318302300,46787000,14738000,0.0064062,471443,0,1,0,1920,74781100000,51563800000,0,0,1,24,14,96.9,59,52.28,22.9,1,Africa,1
El Salvador,14,3,1965,1,4,2,0,0,0,0,0,0,0,0,0,0,0,0,0,0,0,0,0,0,0,0,0,0,0,8000000,4000,47000,2824000,273000,0.00027,8124,0,24,1,1875,190900000,178100000,0,0,1,48,18,97.6,137,49.29,17.5,1,North America,0
Trinidad,21,1,1967,1,5,1,1,0,0,0,0,0,0,0,0,0,0,0,0,0,0,0,0,0,0,0,0,0,0,2515000,1000,29432000,995000,0,0.00096,659,0,0,0,1962,457600000,431300000,0,0,0,36,8,98.9,48,64.52,18.6,0,North America,1
Mexico,6,9,1972,1,8,5,0,0,0,0,0,0,0,0,0,0,0,0,0,0,0,0,0,0,0,0,0,0,3784000,224000000,80000,72616150,52884000,18833000,0.0100608,761606,0,22,1,1831,2252200000,1396200000,0,0,1,43,10,99.4,79,60.27,16.6,1,North America,0
Trinidad,30,11,1972,1,7,2,0,0,0,0,0,0,0,0,0,0,0,0,0,0,0,0,0,0,0,0,0,0,0,3949000,1000,33220520,978000,0,0.0006659,659,0,22,1,1962,657120000,518440000,0,0,1,28,7,96.8,46,64.98,18.5,0,North America,1
Canada,22,12,1976,1,4,0,0,0,0,0,1,0,0,0,0,0,0,0,0,0,0,0,0,0,2,0,0,0,13025000,3074729000,78000,317106600,23142000,5432000,0.0124603,3854085,0,16,1,1920,38672500000,34073800000,0,0,0,16,7,100.1,17,72.98,27.4,0,North America,1
El Salvador,19,12,1976,1,7,1,1,0,0,0,0,0,0,0,0,0,0,0,0,0,0,0,0,0,0,0,0,0,10000,27880000,8000,2738983,4005000,754000,0.0004306,8124,0,23,1,1875,598730000,514240000,0,0,0,42,12,97.6,105,57.01,17,1,North America,0
Mexico,16,11,1980,1,4,1,0,0,0,0,0,0,0,0,0,0,0,0,0,0,0,0,0,0,0,0,0,0,7023000,693575000,120000,147847500,65917000,26116000,0.0118712,761606,0,26,1,1831,12085700000,8982800000,0,0,1,42,9,99.4,69,62.55,16.8,1,North America,0
El Salvador,21,12,1980,1,12,3,0,0,0,0,0,0,0,0,0,0,0,0,0,0,0,0,0,0,0,0,0,0,0,68000000,14000,3214716,4435000,841000,0.0004754,8124,0,26,1,1875,1039540000,1223430000,1,0,1,42,12,97.6,105,57.01,17,1,North America,0
Cuba,30,11,1980,1,7,2,0,3,1,0,1,0,0,0,2,0,0,0,1,0,0,1,0,0,0,0,0,0,313000,1136486000,210000,16693750,9720000,2898000,0.0028519,42426,0,0,0,1902,5089000000,4829000000,0,0,0,26,6,102.8,38,70.76,22.3,0,North America,0
Haiti,12,12,1980,1,5,1,1,0,0,0,0,0,0,0,0,0,0,0,0,0,0,0,0,0,0,0,0,0,0,13600000,7000,1349615,5266000,489000,0.0003574,10714,0,26,1,1859,266120000,147700000,0,0,1,38,17,96.8,137,47.96,19.1,1,North America,0
Vanuatu,12,9,1998,1,7,0,1,0,0,0,0,0,0,0,0,0,0,0,0,0,0,0,0,0,0,0,0,0,0,0,0,11779.88,178000,0,5.18E-06,4710,0,0,0,1981,181130000,61020000,0,0,0,35,8,105.3,52,64.21,18.5,0,Oceania,1
Solomon Islands,7,7,1994,1,12,3,0,0,0,0,0,0,0,0,0,0,0,0,0,0,0,0,0,0,0,0,0,0,0,0,0,110675.4,354000,0,1.16E-05,10965,0,0,0,1978,129540000,166780000,0,0,1,41,12,107.3,90,55.84,17,0,Oceania,1
Solomon Islands,15,4,2000,1,7,1,0,0,0,0,0,0,0,0,0,0,0,0,0,0,0,0,0,0,0,0,0,0,0,0,0,118011.4,430000,0,1.28E-05,10965,0,0,0,1978,178020000,166270000,0,0,0,39,10,107.3,78,58.33,17.9,0,Oceania,1
Fiji,17,5,2004,1,9,2,0,0,0,0,0,0,0,0,0,0,0,0,0,0,0,0,0,0,0,0,0,0,0,30000000,4000,489978.5,816000,222000,7.89E-05,7056,0,0,0,1970,995420000,737960000,0,0,0,26,6,103.2,22,67.07,22.1,0,Oceania,0
Israel,17,12,1959,1,8,1,1,8,5,3,1,0,1,2,0,0,1,0,2,2,0,0,0,0,1,0,2,1,20000,94643000,65000,1755000,1965000,694000,0.0011891,8019,0,0,0,1948,418400000,139000000,0,0,1,33,6,103.3,39,68.95,24.6,1,Asia,1
Taiwan,7,8,1967,1,7,0,1,0,0,0,1,0,0,0,0,0,0,0,0,0,1,0,0,0,0,0,1,1,221000,254364000,544000,5960000,13035000,3955000,0.0062645,13974,0,1,1,1949,622000000,537000000,0,0,0,36,7,107.8,48,65.01,18.4,0,Asia,0
Burma,19,11,1967,1,6,2,0,0,0,0,0,0,0,0,0,0,0,0,0,0,0,0,0,0,0,0,0,0,0,105019000,135000,1272000,24751000,1512000,0.0027895,261227,0,1,0,1948,158000000,184800000,0,0,0,42,20,98,156,44.12,19.3,1,Asia,0
Saudi Arabia,10,4,1975,1,7,2,0,1,1,0,1,0,0,0,0,0,0,1,0,0,0,1,0,0,0,0,0,0,0,2028732000,75000,108284200,6886000,2227000,0.0040156,870000,0,36,0,1927,2857700000,31241600000,0,0,0,47,17,104.5,139,50.16,17.6,1,Asia,0
Thailand,24,3,1975,1,6,2,0,0,0,0,3,2,1,0,0,0,0,0,0,0,1,0,1,1,0,0,0,0,220000,358037000,221000,21246200,40782000,2764000,0.0042664,198115,0,6,1,1887,3144750000,2443340000,0,0,1,40,11,101,76,58.75,18,1,Asia,0
UAE,16,1,1979,1,4,1,0,0,0,0,0,0,0,0,0,0,0,0,0,0,0,0,0,0,0,0,0,0,0,689192000,25000,28571040,795000,549000,0.0009322,32278,0,37,0,1971,5384900000,9125400000,0,0,0,33,6,223.4,51,64.03,25.2,1,Asia,0
Bangladesh,16,1,1979,1,4,3,0,0,0,0,0,0,0,0,0,0,0,0,0,0,0,0,0,0,0,0,0,0,117000,112564000,129000,9792167,84655000,4948000,0.0052532,56977,0,1,0,1971,1502070000,513240000,0,0,0,46,27,104.5,176,35.98,17.2,0,Asia,0
North Korea,7,5,1979,1,3,3,0,3,3,1,1,0,1,0,0,1,1,0,0,1,0,0,0,1,0,0,0,1,5500000,1143902000,632000,48098220,17168000,2457000,0.0074716,46528,0,2,0,1948,902000000,967000000,0,0,0,30,6,94.2,44,63.6,21.2,1,Asia,0
Syria,15,8,1984,1,6,0,1,6,4,1,2,0,1,0,2,0,2,1,1,0,0,1,0,0,1,0,0,0,0,2821334000,400000,15066460,9611000,2907000,0.0040619,185180,0,38,0,1946,4542390000,1936240000,0,0,1,45,8,100.8,63,64.8,15.6,1,Asia,0
UAE,28,10,1984,1,6,3,0,0,0,0,0,0,0,0,0,0,0,0,0,0,0,0,0,0,0,0,0,0,0,2421878000,44000,30461250,1206000,1044000,0.0014041,32278,0,37,0,1971,8356000000,14672100000,0,0,1,29,5,228.6,36,66.99,26,1,Asia,0
India,17,10,1984,1,6,1,1,4,2,1,6,1,0,0,1,1,1,0,1,0,1,2,1,1,1,0,2,0,10139000,5682888000,1104000,295823100,719091000,86256000,0.0542012,1269219,0,3,0,1947,13892700000,7858140000,0,0,0,36,13,108.6,106,54.16,20.1,0,Asia,1
Qatar,17,9,1984,1,6,3,0,0,0,0,1,0,0,0,0,0,0,0,0,0,0,0,1,0,0,0,0,0,485000,166000000,6000,9732340,301000,197000,0.0003694,4416,0,37,0,1971,1459450000,4832880000,0,0,1,36,4,171.1,38,70.05,23.5,1,Asia,0
China,16,2,1988,1,7,2,0,4,3,1,1,0,0,0,0,1,0,1,2,0,1,0,0,0,0,0,1,0,56280000,5640000000,3530000,1236741000,1104193000,163229000,0.1064507,3704427,1,1,0,1860,43222700000,39465300000,0,0,1,21,7,106.5,38,67.67,23.9,1,Asia,0
Japan,18,4,1988,1,5,0,1,0,0,0,0,0,0,0,0,0,0,0,0,0,0,0,0,0,0,0,0,0,98513000,25420000000,244000,1183415000,122069000,70793000,0.0538491,145925,0,1,1,1860,1.50912E+11,2.31404E+11,0,0,0,13,6,96.6,7,76.95,35.1,0,Asia,1
Iran,4,6,1988,1,6,1,3,55,43,24,4,1,0,3,4,8,6,7,16,11,2,0,1,0,1,2,0,0,783000,8960000000,350000,100273300,50662000,18595000,0.0091722,636372,0,0,0,1855,9369000000,11040000000,0,0,1,44,17,103.7,70,46.76,17.2,1,Asia,0
South Korea,22,6,1988,1,3,0,0,2,1,0,1,0,1,0,0,1,0,1,0,0,0,0,0,0,1,0,0,0,19481000,6970000000,604000,204820800,41622000,27307000,0.0164847,38691,0,1,1,1949,41026400000,47315900000,0,0,1,20,6,100,25,67.4,24.4,1,Asia,0
Qatar,31,5,1992,1,4,2,0,0,0,0,0,0,0,0,0,0,0,0,0,0,0,0,0,0,1,0,0,0,561000,934070000,11000,19195980,503000,264000,0.0006015,4416,0,35,0,1971,1720110000,3246790000,0,0,0,25,2,203.4,23,73.41,28.8,1,Asia,0
UAE,30,5,1992,1,4,2,0,0,0,0,1,0,0,0,0,0,0,0,0,0,0,0,0,1,0,0,0,0,45000,4900000000,66000,58479530,1983000,1318000,0.0021577,32278,0,35,0,1971,13764700000,23546000000,0,0,1,28,3,190.1,17,71.06,26.5,1,Asia,0
Iran,15,5,1992,1,4,2,0,33,4,3,2,7,11,14,4,0,1,0,1,2,0,1,0,1,0,1,0,0,2203000,5800000000,465000,151689400,55837000,20297000,0.0104108,636372,0,0,0,1855,29677500000,18661000000,0,0,1,39,11,102,55,56.25,17.1,1,Asia,0
China,24,4,1992,1,6,3,0,1,0,0,8,3,0,1,0,0,0,0,0,0,0,2,1,4,2,1,0,0,71000000,18790000000,3200000,1419847000,1170038000,173264000,0.1123959,3704427,1,1,0,1860,63876800000,71966900000,0,0,1,23,7,106.7,34,68.9,25.1,1,Asia,0
Thailand,21,6,1992,1,4,2,0,0,0,0,2,0,1,0,0,0,0,0,0,0,0,0,1,0,1,0,0,0,711000,2400000000,283000,77173820,56574000,7798000,0.0059346,198115,0,0,0,1887,37957200000,28874900000,0,0,0,20,5,98.6,29,72.02,24.4,1,Asia,0
South Korea,11,7,1996,1,9,3,0,2,1,1,0,1,0,0,0,1,0,0,0,1,0,0,0,0,1,0,0,0,36772000,14179000000,750000,529196900,45093000,33997000,0.0256731,38691,0,2,1,1949,1.3511E+11,1.3133E+11,0,0,0,16,5,100.3,10,72.88,29.5,1,Asia,1
Thailand,9,7,1996,1,14,2,0,2,2,0,1,0,0,0,0,0,1,1,0,0,0,1,0,0,0,0,0,0,2134000,4006000000,288000,129170100,59401000,8932000,0.0071074,198115,0,0,0,1887,77084900000,58700700000,0,0,1,18,5,99.1,23,72.32,26.7,1,Asia,1
Indonesia,6,3,1996,1,4,0,0,0,0,0,1,1,0,0,0,0,0,0,0,0,1,0,0,0,0,0,0,0,4130000,4403000000,280000,193994300,194755000,27484000,0.0141056,735358,0,1,0,1949,40629200000,45453400000,0,0,0,25,8,100.1,49,63.09,22.8,1,Asia,0
Iran,17,6,1996,1,18,6,0,5,2,1,5,0,1,2,0,1,0,1,1,0,1,2,0,1,1,0,1,3,4696000,3000000000,530000,212579600,68365000,24342000,0.0118404,636372,0,0,0,1855,12313000000,18360000000,0,0,1,28,6,101.5,47,66.35,18.4,1,Asia,0
Iraq,13,7,1996,1,6,3,0,2,0,0,1,1,1,0,1,0,0,0,0,0,0,0,0,1,0,0,1,1,0,1250000000,450000,42586250,20095000,15130000,0.0060975,169234,0,35,0,1932,665440000,424580000,0,0,0,38,6,99.2,43,70.32,17.4,1,Asia,0
Syria,19,7,1996,1,9,3,0,1,1,1,1,0,0,0,0,0,0,0,0,1,0,1,0,0,0,0,0,0,70000,1738000000,320000,30016020,14186000,5328000,0.0039186,185180,0,36,0,1946,4708780000,3969870000,0,0,0,33,4,101.6,26,72.05,17.7,1,Asia,0
Saudi Arabia,31,1,1996,1,12,9,0,3,2,0,1,0,0,0,0,1,1,0,1,0,0,0,1,0,0,0,3,0,2451000,17196000000,175000,236870800,18255000,8936000,0.0086537,870000,0,35,0,1927,27449400000,50005500000,0,0,1,33,5,126.8,30,69.59,19.7,1,Asia,0
Kuwait,20,6,1996,1,8,1,1,2,1,0,4,0,0,0,1,0,0,1,0,0,2,0,1,1,0,0,0,0,0,3489000000,20000,87774250,1691000,299000,0.001619,6880,0,35,0,1961,7771350000,12944400000,0,0,0,18,3,142.8,13,72.82,27.2,1,Asia,0
Iraq,4,8,1999,1,9,3,0,1,1,1,0,0,0,0,0,0,0,0,0,1,0,0,0,0,0,0,1,0,0,1428000000,420000,44864240,21800000,16241000,0.0060255,169234,0,35,0,1932,1852830000,5096740000,0,0,1,38,6,99.2,43,70.32,17.4,1,Asia,0
Iran,11,4,2000,1,13,0,1,6,4,2,4,1,0,1,1,1,1,0,2,0,0,1,1,2,1,1,2,0,6070000,5711000000,460000,275253500,66796000,27012000,0.0123099,636372,0,0,0,1855,12683000000,21030000000,0,0,1,28,6,101.5,47,66.35,18.4,1,Asia,0
Uzbekistan,26,11,1999,1,12,3,0,4,4,2,2,0,0,0,0,0,1,0,1,2,1,0,1,0,0,0,0,0,351000,670000000,33000,92177590,23574000,5214000,0.0023108,172742,0,23,0,1991,2930930000,2310320000,0,0,1,33,7,98.4,59,66.23,19.8,1,Asia,0
Qatar,8,4,2000,1,10,1,1,1,0,0,1,0,1,0,0,0,0,0,0,0,0,0,0,0,1,0,0,0,629000,1468000000,12000,36484910,589000,369000,0.0008425,4416,0,35,0,1971,2499560000,6220730000,0,0,0,23,2,193.2,18,74.7,29.4,1,Asia,0
Kuwait,16,2,2000,1,12,3,0,4,2,0,2,1,0,0,1,1,1,0,1,0,1,0,0,1,0,0,0,0,0,3275000000,21000,103341300,1897000,310000,0.0016686,6880,0,35,0,1961,7615620000,12729200000,0,0,1,18,3,142.8,13,72.82,27.2,1,Asia,0
South Korea,9,4,2000,1,9,3,0,2,1,1,0,0,0,1,0,0,0,0,1,0,0,0,0,0,0,0,0,0,41042000,12088000000,665000,730020600,46480000,28681000,0.0254857,38691,0,2,1,1949,1.19741E+11,1.43881E+11,0,0,1,16,5,100.3,10,72.88,29.5,1,Asia,1
Thailand,9,4,2000,1,13,2,0,1,1,0,0,0,1,0,0,0,1,0,0,0,0,0,0,0,0,0,0,0,1532000,2638000000,300000,189596600,60856000,10688000,0.0072208,198115,0,0,0,1887,50350100000,58491900000,0,0,1,18,5,99.1,23,72.32,26.7,1,Asia,1
China,29,1,2000,1,9,3,0,6,3,3,9,5,0,2,1,0,0,0,1,2,0,4,1,3,1,2,1,0,123954000,39889000000,2400000,1912317000,1266838000,536874000,0.1506723,3704427,1,5,0,1860,1.67742E+11,1.97119E+11,0,0,1,19,7,107.1,30,69.92,27.3,1,Asia,0
Japan,20,2,2000,1,9,3,0,3,2,1,3,0,0,0,1,0,0,1,0,1,0,0,1,2,1,1,0,0,94192000,40383000000,240000,1705338000,126505000,76536000,0.052918,145925,1,1,1,1860,3.10774E+11,4.19456E+11,0,0,0,10,7,96.1,4,79.45,39.6,0,Asia,1
Thailand,21,11,2003,1,9,1,1,0,0,0,1,0,0,0,0,0,0,0,0,0,0,0,0,0,1,0,0,0,2538000,1832000000,306000,218901000,63482000,11293000,0.0074164,198115,0,0,0,1887,64720800000,68849800000,0,0,1,16,6,96.9,19,72.24,30.2,1,Asia,1
Qatar,19,11,2003,1,11,7,0,1,1,1,1,0,0,0,0,0,0,0,0,1,1,0,0,0,0,0,0,0,1027000,1855000000,12000,39840640,682000,459000,0.0009591,4416,0,40,0,1971,4050870000,10976500000,0,0,1,19,2,186.7,14,75.84,30.3,1,Asia,0
Indonesia,15,10,2003,1,10,3,0,2,2,2,2,0,0,0,0,0,0,0,2,0,1,0,1,0,0,0,0,0,2462000,6112000000,297000,279684400,211439000,37368000,0.0146883,735358,0,0,0,1949,31288800000,57154300000,0,1,1,22,8,100,41,64.86,24.4,1,Asia,1
Jordan,18,11,2003,1,15,11,0,2,0,0,0,0,0,1,1,0,0,0,0,0,0,0,0,0,0,0,0,0,134000,776000000,100000,6934461,5098000,2174000,0.0013484,35637,0,36,0,1946,5076390000,2769490000,0,0,0,32,4,108.3,27,71.72,19.4,1,Asia,0
South Korea,24,10,2003,1,12,3,0,1,0,0,1,0,0,1,0,0,0,0,0,0,0,0,0,1,0,0,0,0,45390000,13081000000,686000,783201100,47622000,24694000,0.0249867,38691,0,2,1,1949,1.52125E+11,1.62308E+11,0,0,1,14,5,100.7,7,74.93,32.1,1,Asia,1
Bahrain,22,10,2003,1,13,8,0,1,1,1,0,0,0,0,0,0,0,0,0,1,0,0,0,0,0,0,0,0,0,332000000,11000,29038510,711000,158000,0.0003788,296,0,40,0,1971,4061110000,8363580000,0,0,0,23,3,134.7,11,73.36,27.4,1,Asia,0
UAE,22,11,2003,1,13,6,0,3,1,1,1,0,0,1,1,0,0,0,1,0,1,0,0,0,0,0,0,0,90000,2490000000,42000,115900400,3349000,2637000,0.0019115,32278,0,40,0,1971,30352600000,38829400000,0,0,0,18,2,207.6,10,73.77,28.1,1,Asia,0
Saudi Arabia,6,9,2006,1,15,9,0,2,0,0,0,0,0,1,1,0,0,0,0,0,0,0,0,0,0,0,0,0,4186000,25372000000,199000,352971400,23119000,15132000,0.0099935,870000,0,38,0,1927,59509400000,1.57088E+11,0,0,1,25,4,116.3,19,71.91,20.9,1,Asia,0
South Korea,6,9,2006,1,11,3,0,1,1,1,1,0,0,0,0,0,0,0,0,1,0,0,0,1,0,0,0,0,47820000,21504000000,687000,883023200,48138000,22888000,0.0242651,38691,0,2,1,1949,2.61209E+11,2.84333E+11,0,0,1,10,5,100.7,5,77.37,32.1,1,Asia,1
Oman,11,10,2006,1,12,2,0,0,0,0,0,0,0,0,1,0,0,0,0,0,0,0,0,0,0,0,0,0,0,3695000000,41000,28548960,2514000,0,0.001142,119498,0,23,0,1971,9669020000,17403500000,0,0,1,21,3,127.1,15,74.28,21,1,Asia,0
Bahrain,15,11,2006,1,4,0,1,1,0,0,0,0,0,0,1,0,0,0,0,0,0,0,0,0,0,0,0,0,0,500000000,11000,31760690,889000,172000,0.0003924,296,0,38,0,1971,7102150000,15969400000,0,0,1,21,3,134.7,9,74,27.4,1,Asia,0
China,11,10,2006,1,11,3,0,10,4,1,2,5,0,4,0,2,1,1,2,0,1,0,0,1,0,2,0,1,355790000,29873000000,2255000,3420636000,1303720000,710800000,0.1839221,3704427,1,12,0,1860,6.64131E+11,7.64813E+11,0,0,1,13,7,107.5,25,71.62,29.7,1,Asia,0
Argentina,4,8,1991,1,5,1,1,1,0,0,1,0,1,1,0,0,0,0,0,0,0,0,0,1,0,0,0,0,3636000,770980000,85000,90541580,32527000,14419000,0.0051069,1073518,0,33,1,1841,4078480000,12352700000,0,0,0,22,8,96.4,27,70.98,27.2,1,South America,1
Guatemala,2,6,1991,1,2,1,0,0,0,0,0,0,0,0,0,0,0,0,0,0,0,0,0,0,0,0,0,1,21000,71780000,43000,5678164,9197000,1002000,0.0007402,42042,0,31,1,1868,1698000000,1189280000,0,0,1,40,9,101.5,67,60.92,17.2,1,North America,0
Panama,9,3,1993,1,1,0,0,2,0,0,0,0,0,2,0,0,0,0,0,0,0,0,0,0,0,0,0,0,0,75000000,11000,3931650,2488000,709000,0.0002923,29157,0,33,1,1903,2023590000,474220000,0,0,0,27,5,102.3,30,71.76,21.9,0,North America,1
Costa Rica,18,4,1997,1,4,4,0,1,1,0,0,0,0,0,0,0,1,0,0,0,0,0,0,0,0,0,0,0,0,53000000,8000,2443817,3398000,722000,0.0002617,19653,0,33,1,1920,3561070000,2779800000,0,0,0,25,4,103.4,15,76.22,23.7,1,North America,1
El Salvador,20,4,1997,1,3,3,0,1,1,1,0,0,0,0,0,0,0,0,0,1,0,0,0,0,0,0,0,0,41000,149000000,22000,3418622,5796000,1890000,0.0005918,8124,0,33,1,1875,2660490000,1020170000,0,0,1,30,7,93.8,40,68.14,19.9,1,North America,1
Honduras,26,3,1999,1,6,6,0,1,0,0,3,0,0,0,0,1,0,0,0,0,0,2,1,0,0,0,0,0,8000,99000000,7000,3597325,6147000,1480000,0.0004163,43278,0,33,1,1899,2499840000,1532900000,0,0,1,37,6,100.2,43,67.32,17.6,1,North America,0
Haiti,10,10,1999,1,4,0,0,0,0,0,0,0,0,0,0,0,0,0,0,0,0,0,0,0,0,0,0,0,0,49000000,0,729771.2,7952000,1622000,0.0003931,10714,0,33,1,1859,1045390000,296240000,0,0,0,36,12,97.8,92,56.22,18.6,1,North America,1
El Salvador,20,2,2003,1,9,5,0,0,0,0,0,1,0,0,0,0,0,0,0,0,0,0,0,0,0,0,0,0,49000,109000000,17000,4485803,6518000,2531000,0.000583,8124,0,33,1,1875,5184450000,2995040000,0,0,1,27,7,93,32,69.29,20.7,1,North America,1
Cuba,18,1,2007,1,4,0,0,0,0,0,0,0,0,0,0,0,0,0,0,0,0,0,0,0,0,0,0,0,257000,1668000000,49000,12297470,11241000,4415000,0.0013709,42426,0,0,0,1902,8695080000,2587230000,0,0,1,12,7,101,6,76.88,32.8,0,North America,0
Austria,19,12,1979,0,11,-1,1,0,0,0,0,0,0,0,0,0,0,0,0,0,0,0,0,0,0,0,0,0,4335000,741427000,40000,33122200,7562000,2298000,0.0027167,32377,0,0,0,1919,16007600000,12196100000,0,0,0,14,13,89.6,24,70.67,33.8,1,Europe,1
Yugoslavia,9,12,1979,0,8,-1,1,1,0,0,1,0,0,0,1,0,0,0,0,0,1,0,0,0,0,0,0,0,3454000,2334799000,266000,51595840,21974000,3502000,0.0055165,98766,0,0,0,1878,9988420000,5668030000,0,0,1,19,9,98.1,47,68.7,30.4,1,Europe,0
Poland,21,11,1979,0,12,-1,1,0,0,0,0,0,0,0,0,0,0,0,0,0,0,0,0,0,0,0,0,0,19257000,7719600000,382000,218843000,35010000,9547000,0.015786,120696,0,11,0,1918,17697900000,14114000000,0,0,0,18,8,94.9,28,70.57,28.6,1,Europe,0
France,24,11,1979,0,9,-1,1,1,1,0,2,0,0,0,0,0,0,1,0,0,1,1,0,0,0,0,0,2,22841000,18874092000,581000,291641300,53376000,10008000,0.0234235,260585,1,25,1,1816,81791700000,79373600000,0,0,0,16,11,96,16,72.43,31.6,1,Europe,1
Hungary,31,10,1979,0,6,-1,1,0,0,0,0,0,0,0,0,0,0,0,0,0,0,0,0,0,0,0,0,0,3877000,2027100000,122000,52353760,10673000,3182000,0.0041164,35919,0,6,0,1918,7940920000,6351690000,0,0,0,16,12,94,35,69.41,34.3,1,Europe,0
Turkey,22,12,1979,0,7,-3,0,3,2,0,2,2,0,0,1,0,0,0,1,0,0,1,0,1,0,0,0,0,1628000,2727905000,721000,35517450,42641000,10093000,0.0098962,302535,0,19,1,1816,4600370000,2288310000,0,0,0,39,15,101.4,141,51.34,19.1,1,Europe,1
Switzerland,12,10,1983,0,6,-3,0,0,0,0,0,0,0,0,0,0,0,0,0,0,0,0,0,0,0,0,0,0,835000,2036541000,23000,19462540,6391000,981000,0.0014696,15940,0,0,0,1816,28675200000,26015400000,0,0,0,12,9,94.7,10,75.18,34.6,1,Europe,1
Soviet Union,16,11,1983,0,9,-1,1,17,11,5,4,4,2,2,1,1,1,5,1,4,2,1,0,1,0,3,1,3,147000000,2.37E+11,3900000,2274819000,269901000,105020000,0.1726654,8649538,1,25,0,1816,44523600000,36727200000,0,0,0,18.3,10,87.8,28,67.9,29.3,1,Europe,0
United Kingdom,16,11,1983,0,12,-1,1,2,1,0,1,0,0,0,1,0,0,0,1,0,0,0,1,0,0,0,0,1,13704000,24169041000,335000,330187000,56318000,35501000,0.0234384,94060,1,22,1,1816,99567100000,96972200000,0,0,1,12,12,94.7,14,72.93,34.4,1,Europe,1
Sweden,30,11,1983,0,11,-1,1,0,0,0,0,0,0,0,0,0,0,0,0,0,0,0,0,0,0,0,0,0,3946000,3191452000,70000,49488140,8325000,2229000,0.0035098,173745,0,0,0,1816,26006700000,24759200000,0,0,0,12,11,98.2,8,75.31,36.2,1,Europe,1
Netherlands,21,12,1983,0,13,0,1,1,0,0,0,0,0,0,1,0,0,0,0,0,0,0,0,0,0,1,2,0,4354000,4464019000,106000,115609200,14310000,3728000,0.0055095,16039,0,21,1,1816,63753100000,66324500000,0,0,1,13,8,98.6,9,75.17,31.2,1,Europe,1
Romania,18,11,1987,0,9,-1,1,0,0,0,0,0,0,0,0,0,0,0,0,0,0,0,0,0,0,0,0,0,14276000,1327000000,238000,206111500,22823000,6475000,0.0087319,92043,0,11,0,1878,9246310000,10155100000,0,0,1,16,10,97.4,26,69.66,31.8,1,Europe,0
Sweden,14,11,1987,0,10,-3,0,0,0,0,0,0,0,0,0,0,0,0,0,0,0,0,0,0,0,0,0,0,4719000,3830000000,66000,118834400,8370000,2192000,0.0040103,173745,0,0,0,1816,29826700000,34206500000,0,0,0,11,11,97.6,7,76.38,37.6,1,Europe,1
German Democratic Republic,28,10,1987,0,11,-2,0,0,0,0,0,0,0,0,0,0,0,0,0,0,0,0,0,0,0,0,0,0,7967000,8948000000,242000,301503300,16624000,4484000,0.0092091,41828,0,15,0,1954,14205500000,14320300000,0,0,0,14.1,13.6,89.7,11,72.1,34.7,1,Europe,0
Yugoslavia,11,11,1987,0,8,-3,0,0,0,0,0,0,0,0,0,0,0,0,0,0,0,0,0,0,0,2,0,0,4565000,2070000000,234000,128208200,23274000,2924000,0.0053168,98766,0,0,0,1878,11762500000,10310700000,0,0,1,17,10,98.5,34,70.18,32.5,1,Europe,0
Greece,9,12,1987,0,9,-5,0,0,0,0,0,0,0,0,0,0,0,0,0,0,0,0,0,0,0,0,0,0,1009000,1710000000,202000,86649530,9967000,2083000,0.0032467,50944,0,15,1,1828,11317300000,5650680000,0,0,0,14,9,96.8,15,75.24,35.1,1,Europe,1
Czechoslovakia,14,10,1987,0,7,-1,1,3,2,0,0,0,0,0,1,0,1,0,1,0,0,0,0,0,0,0,0,0,15112000,4730000000,214000,218776800,15534000,3041000,0.0088262,49382,0,11,0,1918,14685000000,13050800000,0,0,0,15.1,11.9,94.9,16,70.6,32.5,1,Europe,0
Bulgaria,11,11,1987,0,10,-1,1,1,1,1,0,0,0,0,0,0,0,0,0,1,0,0,0,0,0,0,0,0,2965000,1940000000,190000,127259300,8958000,2518000,0.0041053,42823,0,12,0,1908,4452490000,2451930000,0,0,0,14,11,98.8,18,71.24,35.7,1,Europe,0
Czechoslovakia,12,10,1991,0,10,-6,0,0,0,0,0,0,1,0,0,0,0,0,0,0,0,0,0,0,0,0,0,0,14880000,4320000000,198000,203361300,15661000,3208000,0.0077648,49382,0,0,0,1918,15069700000,11654000000,0,0,0,13.8,11.7,94.9,13,71.3,33.6,1,Europe,1
Italy,13,11,1991,0,10,-3,0,0,0,0,2,0,0,0,0,0,0,0,0,0,0,1,1,0,0,0,0,0,25452000,19580000000,493000,514417800,57661000,14688000,0.0202386,116346,0,25,1,1816,1.81773E+11,1.70466E+11,0,0,1,10,10,94.2,10,76.29,37,1,Europe,1
Portugal,4,12,1991,0,11,-2,0,0,0,0,1,0,0,0,0,0,0,0,0,0,1,0,0,0,0,0,0,0,717000,1540000000,87000,59747620,9899000,1103000,0.0019385,35603,0,25,1,1816,25104500000,16402000000,0,0,0,12,10,92.9,14,73.84,34.2,1,Europe,1
Ireland,13,11,1991,0,8,-1,1,0,0,0,0,0,0,0,0,0,0,0,0,0,0,0,0,0,0,0,0,0,325000,508210000,13000,12510310,3503000,611000,0.0005431,32595,0,0,0,1922,20829800000,23770400000,0,0,1,16,9,99,8,74.11,29.2,0,Europe,1
Yugoslavia,21,11,2007,0,24,-3,0,0,0,0,0,0,0,0,0,0,0,0,0,0,0,0,0,0,0,0,0,0,0,812000000,65000,30494630,7412000,1990000,0.0011731,98766,0,2,0,1878,2689160000,507970000,0,0,1,12,11,98.2,13,73.21,35.7,1,Europe,1
Norway,21,11,2007,0,23,-1,1,1,1,0,0,0,0,0,0,0,1,0,0,0,0,0,0,0,0,0,0,0,684000,4962000000,26000,77714940,4661000,1063000,0.001667,148746,0,18,1,1905,64266800000,1.22123E+11,0,0,1,12,10,98.1,4,79.19,36.9,1,Europe,1
Ireland,13,10,2007,0,17,-10,0,0,0,0,0,0,0,0,0,0,0,0,0,0,0,0,0,0,0,0,0,0,-9000,1113000000,10000,18808260,4235000,679000,0.0006131,32595,0,0,0,1922,72898800000,1.10008E+11,0,0,0,15,8,98.8,6,77.62,32.5,0,Europe,1
United Kingdom,21,11,2007,0,23,-1,1,1,0,0,0,0,1,1,0,0,0,0,0,0,0,0,0,0,0,0,0,0,13871000,59926000000,217000,688107200,60587000,54880000,0.0218718,94060,1,28,1,1816,5.46685E+11,4.22553E+11,0,0,1,11,10,95,5,78.35,37.7,1,Europe,1
Bulgaria,17,11,2007,0,25,-1,1,0,0,0,1,0,0,0,0,0,0,0,0,0,1,0,0,0,0,0,0,0,2101000,703000000,51000,45715840,7699000,2407000,0.0014474,42823,0,6,0,1908,23642500000,15075800000,0,0,0,9,14,95.1,13,72.09,39.7,1,Europe,1
Guinea,22,11,1967,0,5,0,1,4,4,1,0,0,0,0,0,0,0,2,2,0,0,0,0,0,0,0,0,0,0,13008000,9000,22000,3608000,189000,0.0003122,94926,0,0,0,1958,70000000,58000000,0,0,0,48,32,99.8,210,32.63,19.6,1,Africa,0
Mali,11,10,1967,0,4,-4,0,0,0,0,0,0,0,0,0,0,0,0,0,0,0,0,0,0,0,0,0,0,0,10342000,7000,4000,4654000,161000,0.0003384,478839,0,0,0,1960,37500000,13000000,0,0,0,49,34,101.3,168,30.73,19.4,1,Africa,0
Nigeria,1,11,1967,0,3,-4,0,0,0,0,0,0,0,0,0,0,0,0,0,0,0,0,0,0,0,0,0,0,0,61327000,30000,6967000,49937000,5249000,0.0044658,356667,0,0,0,1960,717500000,781900000,0,0,0,46,24,99.6,164,39.44,18.9,1,Africa,0
Tunisia,16,8,1967,0,3,-2,0,0,0,0,0,0,0,0,0,0,0,0,0,0,0,0,0,0,0,0,0,0,25000,16923000,25000,1231000,4716000,469000,0.0006136,63170,0,26,0,1825,249900000,140900000,0,0,1,47,18,104.3,155,49.6,17.2,1,Africa,0
Sierra Leone,14,7,1991,0,6,-3,2,1,1,1,0,0,0,0,0,0,0,0,0,1,0,0,0,0,0,0,0,0,0,4239000,5000,1754645,3997000,531000,0.0002405,27699,0,17,0,1961,196500000,137010000,0,0,0,43,23,95.4,154,40.62,18.8,1,Africa,0
Tunisia,26,7,1991,0,9,0,1,0,0,0,0,0,0,0,0,0,0,0,0,0,0,0,0,0,0,0,0,0,176000,400770000,35000,5489361,8154000,953000,0.0007499,63170,0,43,0,1825,6127520000,3556480000,0,0,0,30,7,101.4,49,66.98,20.8,1,Africa,0
Niger,30,4,1991,0,6,-2,0,0,0,0,0,0,0,0,0,0,0,0,0,0,0,0,1,0,0,0,0,0,0,45180000,5000,1982115,7731000,673000,0.0003862,489678,0,15,0,1960,388780000,282590000,0,0,0,56,25,97.4,155,40.57,15.9,1,Africa,0
Burkina Faso,27,7,1991,0,9,-2,0,0,0,0,0,0,0,0,0,0,0,0,0,0,0,0,0,0,0,0,0,0,0,76400000,10000,2930204,9001000,864000,0.0004949,105869,0,15,0,1960,535790000,151630000,0,0,0,48,17,96,111,48.33,16.1,1,Africa,0
Madagascar,28,7,1991,0,6,-3,2,0,0,0,0,0,0,0,0,0,0,0,0,0,0,0,0,0,0,0,0,0,0,36630000,21000,2768509,11197000,641000,0.0005894,226597,0,0,0,1960,608000000,366230000,0,0,0,45,16,100.3,110,49.46,17.4,1,Africa,0
Mozambique,28,7,1991,0,4,0,2,2,0,0,0,0,1,0,1,0,0,0,0,0,0,0,0,0,0,0,0,0,0,113090000,65000,8135226,14151000,1675000,0.0011383,309496,0,2,0,1975,912950000,381430000,1,0,0,44,21,91.6,143,42.76,16.5,1,Africa,0
Zimbabwe,14,7,1991,0,4,-3,2,1,0,0,0,0,1,0,0,0,0,0,0,0,0,0,0,0,0,0,0,0,580000,361450000,45000,11837630,9369000,1722000,0.0010785,150871,0,0,0,1965,1849100000,1491150000,0,0,0,39,9,99.1,56,61.56,16.8,1,Africa,0
Gabon,29,7,1991,0,7,0,1,0,0,0,0,0,0,0,0,0,0,0,0,0,0,0,0,0,0,0,0,0,0,100000000,9000,5639112,935000,257000,0.0001848,103347,0,1,0,1960,846560000,2483130000,0,0,0,38,11,98.1,63,60.61,19.5,1,Africa,0
Malawi,30,7,1995,0,5,-2,0,0,0,0,0,0,0,0,0,0,0,0,0,0,0,0,0,0,0,0,0,0,0,21000000,10000,1973269,9461000,892000,0.0004773,45747,0,0,0,1964,587680000,471180000,0,0,0,49,19,96.7,143,46.66,17,1,Africa,0
Senegal,15,7,1995,0,9,-1,1,1,1,0,0,1,1,0,0,0,1,0,0,0,0,0,0,0,0,0,0,0,0,61000000,14000,3010048,8127000,2345000,0.000651,76000,0,15,0,1960,884080000,483930000,0,0,1,45,14,99.9,80,52.41,16.3,1,Africa,0
Congo,8,4,1995,0,0,-6,2,0,0,0,0,0,0,0,0,0,0,0,0,0,0,0,0,0,0,0,0,0,0,38000000,10000,2312263,2518000,1405000,0.0003358,132047,0,0,0,1960,399120000,932230000,0,0,0,39,11,99.4,73,57.08,17.9,1,Africa,0
Uganda,30,7,1995,0,10,-3,2,2,1,1,0,0,0,1,0,0,0,0,1,0,0,0,0,0,0,0,0,0,30000,80000000,60000,10222230,19080000,923000,0.0012104,91136,0,0,0,1962,622020000,375290000,0,0,0,49,17,98.8,108,49.03,15.9,1,Africa,0
Mauritius,4,6,1995,0,0,-6,2,0,0,0,0,0,0,0,0,0,0,0,0,0,0,0,0,0,0,0,0,0,0,11000000,1000,629003.7,1113000,145000,6.45E-05,787,0,0,0,1968,1923570000,1341680000,0,0,0,22,6,99.5,23,68.53,24.8,1,Africa,1
Guinea,30,7,1995,0,12,-2,0,0,0,0,2,0,0,0,0,0,0,0,0,0,0,1,1,0,0,0,0,0,0,49000000,12000,2576330,7092000,734000,0.0004132,94926,0,17,0,1958,676730000,708600000,0,0,1,47,22,101.6,145,42.48,17.8,1,Africa,0
Morocco,30,7,1995,0,3,-1,0,0,0,0,0,0,0,0,0,0,0,0,0,0,0,0,0,0,0,0,2,0,7000,1252000000,195000,13697810,26590000,9023000,0.0036006,172487,0,39,0,1847,8063370000,4229070000,0,0,0,32,9,99.5,79,62.7,19.7,1,Africa,0
Cameroon,25,7,1993,0,9,-1,2,0,0,0,3,0,0,0,0,0,0,0,0,0,1,0,1,1,0,0,0,0,0,134080000,12000,4812401,12142000,1872000,0.0007687,183568,0,0,0,1960,1162840000,1840370000,0,0,1,43,14,98.7,93,53.24,17.3,1,Africa,0
Uganda,24,7,1993,0,7,-1,2,2,1,0,1,1,0,1,0,0,1,0,0,0,0,1,0,0,0,0,0,0,30000,86810000,70000,9790240,17796000,823000,0.0012334,91136,0,0,0,1962,398050000,179420000,0,0,0,49,17,98.8,108,49.03,15.9,1,Africa,0
Guinea-Bissau,24,1,1993,0,0,-5,2,0,0,0,0,0,0,0,0,0,0,0,0,0,0,0,0,0,0,0,0,0,0,-9000,11000,136939.6,1005000,135000,0.0001485,13948,0,16,0,1974,115960000,12670000,0,0,0,46,22,97.8,145,42.41,17.7,1,Africa,0
Kenya,25,7,1993,0,8,0,2,0,0,0,2,0,0,0,0,0,0,0,0,0,0,0,1,1,0,1,0,0,20000,256200000,24000,11129970,25700000,2030000,0.0013711,224080,0,1,0,1963,1883190000,1337120000,0,0,1,45,10,99.3,67,59.56,15.5,1,Africa,0
Zimbabwe,25,7,1993,0,9,-1,2,0,0,0,0,0,0,0,0,0,0,0,0,0,0,0,0,0,0,0,0,0,547000,224770000,48000,11483180,10410000,1839000,0.0011557,150871,0,0,0,1965,2203060000,1257660000,0,0,0,39,9,99.1,56,61.56,16.8,1,Africa,0
Burundi,24,10,1993,0,5,0,2,0,0,0,0,0,0,0,0,0,0,0,0,0,0,0,0,0,0,1,0,0,0,-9000,13000,1910870,5786000,260000,0.0003785,10745,0,2,0,1962,223520000,73710000,0,0,0,46,17,95,116,48.02,17.7,1,Africa,0
Morocco,25,7,1993,0,6,0,2,0,0,0,0,0,0,0,0,0,0,0,0,0,0,0,0,0,0,0,2,2,7000,1140000000,195000,14507040,25547000,8370000,0.0035651,172487,0,39,0,1847,8020260000,4405410000,0,0,1,32,9,99.5,79,62.7,19.7,1,Africa,0
Zimbabwe,27,7,1997,0,4,-2,0,0,0,0,1,0,0,0,0,0,0,0,0,0,0,1,0,0,0,0,0,0,212000,242000000,40000,10904140,11908000,2073000,0.0010346,150871,0,0,0,1965,4123840000,2242140000,0,0,0,35,10,98.7,55,57.9,17.4,1,Africa,0
Mali,27,7,1997,0,9,-1,1,0,0,0,0,0,0,0,0,0,0,0,0,0,0,0,0,0,0,0,0,0,0,42000000,10000,1499160,11134000,904000,0.0005103,478839,0,15,0,1960,1111900000,291800000,0,0,1,49,20,97.7,127,44.94,16.2,1,Africa,1
Senegal,27,7,1997,0,8,-1,2,1,0,0,0,0,0,1,0,0,0,0,0,0,0,0,0,0,0,0,0,0,0,76000000,14000,3056272,8572000,2405000,0.0006399,76000,0,15,0,1960,1324180000,723710000,0,0,1,43,13,99.7,72,53.78,16.7,1,Africa,0
Sierra Leone,23,2,1997,0,0,-6,2,0,0,0,1,1,0,0,0,0,0,0,0,0,0,0,0,1,0,0,0,0,0,47000000,5000,1784501,4297000,627000,0.0002495,27699,0,15,0,1961,296070000,46680000,0,0,1,44,26,94.8,166,37.48,18.6,1,Africa,0
Gabon,27,7,1997,0,7,-1,1,0,0,0,0,0,0,0,0,0,0,0,0,0,0,0,0,0,0,0,0,0,0,114000000,7000,3790333,1106000,411000,0.0001779,103347,0,1,0,1960,898500000,3145610000,0,0,1,38,11,98.6,59,61.36,19,1,Africa,0
Liberia,27,7,1997,0,8,-1,2,0,0,0,1,0,0,0,0,0,0,0,0,0,0,0,0,1,0,0,0,0,0,46000000,-9000,1002000,2820000,494000,0.0001796,43000,0,17,1,1920,3819900000,1029180000,0,1,0,45,21,99.4,168,42.08,17.5,1,Africa,0
Malawi,27,7,1997,0,9,-1,2,0,0,0,0,0,0,0,0,0,0,0,0,0,0,0,0,0,0,0,0,0,0,24000000,8000,1885279,10114000,985000,0.0004737,45747,0,0,0,1964,570130000,460430000,0,0,0,47,18,97.6,133,47.23,17.4,1,Africa,0
Guinea,20,6,1999,0,4,0,0,2,1,0,2,0,0,0,0,1,1,0,0,0,1,0,1,0,0,0,0,0,0,59000000,12000,2661746,7337000,849000,0.000412,94926,0,17,0,1958,621880000,625250000,0,0,1,46,20,101.8,131,44.8,17.7,1,Africa,0
Mali,20,6,1999,0,9,-1,2,0,0,0,0,0,0,0,0,0,0,0,0,0,0,0,0,0,0,0,0,0,0,36000000,10000,1542790,10694000,997000,0.0004922,478839,0,15,0,1960,1222070000,294600000,0,0,0,49,20,97.7,127,44.94,16.2,1,Africa,0
Mauritius,20,6,1999,0,6,-4,2,0,0,0,0,0,0,0,0,0,0,0,0,0,0,0,0,0,0,0,0,0,0,90000000,2000,741634.9,1141000,117000,8.28E-05,787,0,0,0,1968,2184440000,1704130000,0,0,0,21,6,99.5,18,70.3,26.7,1,Africa,1
Madagascar,6,6,1999,0,5,-5,0,0,0,0,0,0,0,0,0,0,0,0,0,0,0,0,0,0,0,0,0,0,0,45000000,20000,3532239,15057000,958000,0.0007056,226597,0,0,0,1960,505190000,234090000,0,0,0,45,14,99.8,96,52.66,17.5,1,Africa,1
Liberia,20,6,1999,0,7,0,2,0,0,0,1,0,0,0,0,0,0,0,0,0,0,1,0,0,0,1,0,0,0,46000000,-9000,1249243,2666000,580000,0.0001785,43000,0,17,1,1920,5980360000,912300000,0,0,0,45,21,99.4,168,42.08,17.5,1,Africa,0
Zimbabwe,21,8,1999,0,9,0,2,1,1,0,0,0,0,0,0,0,0,0,1,0,0,0,0,0,0,0,0,0,212000,334000000,40000,10909850,11377000,2190000,0.0010326,150871,0,0,0,1965,2621160000,1730990000,0,0,0,35,10,98.7,55,57.9,17.4,1,Africa,0
Madagascar,6,16,2001,0,5,-3,0,0,0,0,0,0,0,0,0,0,0,0,0,0,0,0,0,0,0,0,0,0,0,-9000,-9000,4009920,15942000,1057000,0.0008378,226597,0,0,0,1960,733970000,806290000,0,0,0,43,11,99.5,76,57.28,17.4,1,Africa,1
Congo,6,3,2001,0,5,-7,0,0,0,0,0,0,0,0,0,0,0,0,0,0,0,0,0,0,0,0,0,0,0,73000000,10000,2059829,2943000,1786000,0.0003424,132047,0,15,0,1960,492500000,2153880000,0,0,1,38,13,99.9,75,54.3,18.9,1,Africa,0
Gabon,6,17,2001,0,8,0,1,0,0,0,0,0,0,0,0,0,0,0,0,0,0,0,0,0,0,0,0,0,0,125000000,5000,2722005,1226000,477000,0.000158,103347,0,11,0,1960,1395370000,3792860000,0,0,1,33,10,99,58,60.58,19.3,1,Africa,0
Angola,6,17,2001,0,8,-3,0,0,0,0,0,0,1,1,1,0,0,0,1,0,1,0,0,0,1,0,0,0,9000,2000000000,108000,14888930,12878000,2608000,0.0019218,481354,0,13,0,1975,2202580000,7359760000,1,0,0,51,21,97.3,138,43.31,16.1,1,Africa,0
Uganda,3,24,2001,0,1,-4,0,0,0,0,0,0,0,0,0,1,0,1,2,0,1,0,0,1,1,0,0,0,30000,135000000,50000,11132260,21778000,1222000,0.0012006,91136,0,0,0,1962,958150000,401640000,0,0,0,49,18,98.7,105,45.01,15.6,1,Africa,0
Lesotho,6,17,2001,0,6,-2,0,0,0,0,0,0,0,0,0,0,0,0,0,0,0,0,0,0,0,0,0,0,0,27000000,2000,702969.6,2153000,206000,0.0001029,12727,0,0,0,1966,-9000000,-9000000,0,0,0,34,13,92.9,81,52.47,18.6,1,Africa,0
Libya,3,6,2001,0,6,-5,0,0,0,0,1,0,0,0,0,0,0,0,0,0,0,0,1,0,0,0,0,0,1055000,1176000000,76000,43505170,5605000,4282000,0.0018609,679359,0,40,0,1951,4017910000,12716100000,0,0,0,23,4,105.9,21,71.59,21.9,1,Africa,0
Zambia,5,8,2003,0,11,-2,0,0,0,0,1,0,0,0,0,0,0,0,0,0,0,1,0,0,0,0,0,0,0,26000000,22000,10510950,10409000,2524000,0.0007439,290587,0,0,0,1964,1071860000,875260000,0,0,1,45,20,99.5,105,42.63,17.1,1,Africa,0
Congo,3,9,2005,0,10,-9,2,0,0,0,0,0,0,0,0,0,0,0,0,0,0,0,0,0,0,0,0,0,0,76000000,10000,2303500,3231000,2010000,0.0003507,132047,0,12,0,1960,325650000,838720000,0,0,0,38,13,99.9,75,54.3,18.9,1,Africa,0
Burkina Faso,8,10,2005,0,13,-3,0,0,0,0,0,0,0,0,0,0,0,0,0,0,0,0,0,0,0,0,0,0,0,74000000,10000,2622694,12496000,1339000,0.0005437,105869,0,14,0,1960,1024490000,375500000,0,0,1,46,16,97,93,49.61,16.5,1,Africa,0
Sudan,4,9,2005,0,6,-6,0,3,2,0,1,0,0,0,1,0,1,1,0,0,0,0,0,0,1,0,0,0,0,426000000,104000,14362870,34512000,7721000,0.002527,728215,0,33,0,1956,4085880000,3773700000,1,0,0,39,12,101.3,81,55.32,18.6,1,Africa,0
Gabon,4,9,2005,0,10,-5,2,0,0,0,0,0,0,0,0,0,0,0,0,0,0,0,0,0,0,0,0,0,0,17000000,4000,2989497,1307000,535000,0.0001301,103347,0,11,0,1960,1603580000,4491940000,0,0,0,33,10,99,58,60.58,19.3,1,Africa,0
Kenya,4,9,2005,0,10,-7,0,2,2,1,1,0,0,0,0,0,0,0,1,1,0,1,0,0,1,1,0,0,20000,296000000,24000,12650370,34191000,4728000,0.0015931,224080,0,1,0,1963,4591200000,2702770000,0,0,1,38,12,99.4,69,53.88,17.4,1,Africa,1
Zimbabwe,2,6,2007,0,4,-6,0,0,0,0,0,0,0,0,0,0,0,0,0,0,0,0,0,0,0,0,0,0,24000,156000000,29000,14791480,12225000,2563000,0.0008578,150871,0,0,0,1965,2515260000,2048650000,0,0,1,30,18,98.7,68,43.18,18.2,1,Africa,0
Uganda,9,9,2007,0,11,0,1,4,4,1,1,1,1,0,0,1,0,2,0,1,0,0,0,0,1,0,0,0,30000,192000000,45000,12222990,27357000,1559000,0.0012962,91136,0,10,0,1962,2101660000,693180000,0,0,0,48,16,98.7,91,48.04,15.6,1,Africa,0
Nicaragua,14,3,1965,0,2,-2,0,1,1,0,0,0,0,0,0,0,1,0,0,0,0,0,0,0,0,0,1,1,0,7546000,6000,35000,1579000,247000,0.0002124,50193,0,24,1,1900,137100000,125600000,0,0,1,54,21,99.4,155,45.28,16.4,0,North America,0
Jamaica,21,1,1967,0,4,-1,1,0,0,0,0,0,0,0,0,0,0,0,0,0,0,0,0,0,0,0,0,0,0,5013000,1000,107000,1783000,112000,0.0001359,4244,0,0,0,1962,321300000,225200000,0,0,0,42,9,91.5,61,65.6,18.4,0,North America,1
Canada,6,9,1972,0,3,-5,0,0,0,0,0,0,0,0,0,0,0,0,0,0,0,0,0,0,0,0,0,0,11040000,2110319000,85000,258255800,22962000,5035000,0.0121747,3854085,0,16,1,1920,17573600000,18370400000,0,0,0,18,7,101,21,72.11,25.9,0,North America,1
Suriname,30,11,1972,0,5,-2,0,0,0,0,0,0,0,0,0,0,0,0,0,0,0,0,0,0,0,1,0,0,0,0,1000,289795.6,364000,122000,5.12E-05,63251,0,0,0,1975,253600000,277490000,0,0,0,40,9,99.6,55,62.41,15.8,1,North America,0
United States,22,12,1976,0,4,0,0,9,6,2,2,2,1,1,0,1,1,1,3,1,1,0,0,0,2,1,4,1,105897000,90948000000,2098000,2570153000,215973000,55728000,0.1425023,3794101,1,58,NA,1816,1.05498E+11,1.07648E+11,0,0,0,16,9,96.5,18,71.46,28.8,0,North America,1
CostaRica,19,12,1976,0,6,-1,1,0,0,0,0,0,0,0,0,0,0,0,0,0,0,0,0,0,0,0,0,0,0,12736000,2000,1503134,1968000,226000,0.0001706,19653,0,23,1,1920,693200000,493310000,0,0,0,30,7,102.7,53,68.05,18.7,1,North America,1
United States,16,11,1980,0,3,-1,0,6,3,2,13,1,3,1,1,0,0,0,1,2,1,4,1,5,3,0,2,0,123688000,1.22279E+11,2033000,2866804000,225055000,56702000,0.1356744,3794101,1,56,NA,1816,2.22332E+11,1.82006E+11,0,0,0,16,9,96.5,18,71.46,28.8,0,North America,1
Guatemala,21,12,1980,0,9,-3,0,1,0,0,1,0,1,0,1,0,0,0,0,0,0,0,1,0,0,1,0,0,0,81899000,21000,4476272,6726000,748000,0.0006118,42042,0,26,1,1868,1503920000,1243440000,1,0,0,44,14,102.1,102,53.86,17.5,1,North America,0
Suriname,30,11,1980,0,5,-2,0,1,0,0,0,0,0,1,0,0,0,0,0,0,0,0,0,0,0,0,0,0,0,-9000,1000,318030.3,365000,125000,5.69E-05,63251,0,26,1,1975,426260000,398230000,0,0,1,35,8,100.6,49,63.99,16,1,North America,0
Trinidad,12,12,1980,0,4,-1,1,0,0,0,0,0,0,0,0,0,0,0,0,0,0,0,0,0,0,0,0,0,0,21903000,1000,23650540,1064000,0,0.0003831,659,0,26,1,1962,2082630000,2603850000,0,0,0,27,8,98.1,41,65.65,20.1,0,North America,1
Solomon Islands,12,9,1998,0,7,0,1,0,0,0,0,0,0,0,0,0,0,0,0,0,0,0,0,0,0,0,0,0,0,0,0,114650.5,404000,0,1.24E-05,10965,0,0,0,1978,179970000,211350000,0,0,1,39,10,107.3,78,58.33,17.9,0,Oceania,1
Fiji,7,7,1994,0,9,-3,0,0,0,0,0,0,0,0,0,0,0,0,0,0,0,0,0,0,0,0,0,0,0,27200000,5000,525984.9,771000,173000,8.99E-05,7056,0,0,0,1970,719820000,449090000,0,0,1,30,6,103.2,29,64.93,20.9,0,Oceania,0
Vanuatu,15,4,2000,0,6,-1,0,0,0,0,0,0,0,0,0,0,0,0,0,0,0,0,0,0,0,0,0,0,0,0,0,32844.86,186000,0,5.42E-06,4710,0,0,0,1981,195560000,90820000,0,0,1,35,8,105.3,52,64.21,18.5,0,Oceania,1
Papua New Guinea,17,5,2004,0,7,-2,0,0,0,0,0,0,0,0,0,0,0,0,0,0,0,0,0,0,0,0,0,0,0,19000000,3000,2640214,5821000,266000,0.0002193,178703,0,0,0,1975,1351820000,3667550000,0,0,0,36,10,104,62,57.96,19.6,0,Oceania,0
Iran,17,12,1959,0,7,-1,1,1,1,1,1,0,0,0,0,0,0,0,0,1,0,1,0,0,0,0,0,0,0,164562000,147000,32187000,20352000,3467000,0.0055935,636372,0,5,1,1855,393500000,735000000,0,0,0,51,29,107.8,262,38.15,21.6,1,Asia,0
Japan,7,8,1967,0,7,0,1,0,0,0,0,0,0,0,0,0,0,0,0,0,0,0,0,0,0,0,1,0,47784000,964203000,227000,188810000,98851000,46668000,0.0431978,145925,0,1,1,1860,9419600000,9528300000,0,0,0,17,7,96.3,26,68.97,27.3,0,Asia,1
Cambodia,19,11,1967,0,4,-2,0,3,1,0,2,0,0,1,1,0,0,1,0,0,1,0,0,1,0,0,0,0,0,54143000,83000,11000,6310000,399000,0.0010879,69898,0,1,0,1953,106900000,66600000,0,0,0,45,20,100.1,140,43.42,18.5,0,Asia,0
Qatar,10,4,1975,0,5,-2,0,0,0,0,0,0,0,0,0,0,0,0,0,0,0,0,0,0,0,0,0,0,0,219000000,3000,6987655,160000,120000,0.0002743,4416,0,36,0,1971,270920000,2015000000,0,0,0,39,7,177.7,71,64.34,22.1,1,Asia,0
South Korea,24,3,1975,0,4,-2,0,1,1,1,1,0,0,0,0,0,0,0,0,1,0,0,0,0,1,0,0,0,1935000,491971000,634000,44029650,34692000,14924000,0.0100246,38691,0,1,1,1949,6851900000,4460700000,0,0,1,33,10,100.5,64,58.84,19,1,Asia,0
Lebanon,16,1,1979,0,3,-1,0,0,0,0,1,0,0,0,0,0,0,0,0,0,0,0,1,0,0,0,0,0,0,166136000,9000,3072959,2722000,720000,0.0003975,4036,0,37,0,1946,1922000000,755000000,0,0,0,32,8,101.2,47,65.44,19.5,1,Asia,0
Afghanistan,16,1,1979,0,1,-3,0,1,0,0,2,0,1,0,0,0,0,0,0,0,1,1,0,0,1,0,0,0,0,59400000,110000,2288738,16064000,1256000,0.0016085,251772,0,2,0,1919,450520000,269160000,1,1,0,52,28,107.9,211,36.11,17.5,1,Asia,0
Indonesia,7,5,1979,0,0,-3,0,1,0,0,1,0,0,0,1,0,0,0,0,0,0,0,1,0,1,0,0,2,150000,2049542000,250000,92267150,139800000,17812000,0.012423,735358,0,0,0,1949,6690200000,11642800000,1,1,0,38,13,99.6,99,53.41,18.5,1,Asia,0
Indonesia,15,8,1984,0,6,0,1,3,2,1,0,0,0,0,1,0,1,0,0,1,0,0,0,0,0,0,2,0,800000,2527432000,269000,104025800,158083000,22443000,0.0130809,735358,0,0,0,1949,16351500000,21195400000,0,0,0,35,11,99.8,83,56.28,19.1,1,Asia,0
Sri Lanka,28,10,1984,0,3,-3,0,0,0,0,0,0,0,0,0,0,0,0,0,0,0,0,0,0,0,0,0,0,0,77667000,16000,4953495,15417000,1285000,0.0009417,25332,0,0,0,1948,1794820000,1053780000,1,0,0,28,7,104.2,39,66.69,21.9,0,Asia,0
Malaysia,17,10,1984,0,5,-1,1,2,1,0,1,0,0,1,0,0,0,0,1,0,0,1,0,0,0,1,0,0,0,2080113000,99000,19401840,14888000,2450000,0.0022345,127355,0,0,0,1957,13249700000,14127700000,0,0,1,29,6,101.5,32,66.6,19.6,1,Asia,0
Jordan,17,9,1984,0,3,-3,0,0,0,0,0,0,0,0,0,0,0,0,0,0,0,0,0,0,0,0,2,0,0,534675000,72000,4112800,3483000,1130000,0.0009162,35637,0,37,0,1946,3002030000,539400000,0,0,0,43,8,109.3,56,65.76,15.5,1,Asia,0
North Yemen,16,2,1988,0,5,-2,0,1,1,1,0,0,0,0,0,0,0,0,0,1,0,0,0,0,0,0,0,0,0,530040000,43000,659624.1,8213000,205000,0.0006593,75290,0,35,0,1926,883940000,30780000,0,0,0,58,16,98,114,51.46,14.4,1,Asia,0
Jordan,18,4,1988,0,5,0,1,0,0,0,1,0,0,0,0,0,0,0,0,0,0,0,0,1,0,0,0,0,0,745500000,100000,4185625,4009000,1319000,0.0010868,35637,0,37,0,1946,2679170000,919000000,0,0,0,40,7,111.1,44,68.04,16.3,1,Asia,0
North Korea,4,6,1988,0,5,-1,3,2,1,0,1,0,0,0,1,0,0,1,0,0,1,0,0,0,0,1,0,0,6700000,4220000000,838000,76351980,19479000,6755000,0.0095649,46528,0,2,0,1948,1175020000,786790000,0,0,0,22,5,95.5,30,68.6,24.5,1,Asia,0
Indonesia,22,6,1988,0,3,0,0,1,0,0,2,0,0,1,0,0,0,0,0,0,1,0,0,1,0,0,0,0,1453000,1350000000,284000,133211400,172010000,22361000,0.0124407,735358,0,0,0,1949,12855400000,17177700000,0,0,0,32,10,99.9,70,58.83,19.9,1,Asia,0
Syria,31,5,1992,0,2,-2,0,3,2,0,0,0,1,0,0,1,1,0,0,0,0,0,0,0,0,0,0,0,63000,4500000000,408000,25657370,12529000,4231000,0.0047177,185180,0,37,0,1946,2743380000,3432050000,0,0,1,38,5,101.3,36,69.97,16.4,1,Asia,0
Kuwait,30,5,1992,0,2,-2,0,0,0,0,2,0,0,0,0,0,0,0,0,0,1,0,0,1,0,0,0,0,0,15500000000,10000,6184618,2095000,288000,0.0033354,6880,0,35,0,1961,3490600000,827720000,0,0,1,26,3,113.8,16,72.06,22.4,1,Asia,0
India,15,5,1992,0,2,-2,0,4,3,0,1,1,2,0,0,1,1,1,0,0,1,0,0,0,0,0,0,0,17577000,8070000000,1260000,551726300,851661000,121673000,0.0613275,1269219,0,3,0,1947,19509400000,17873500000,1,0,0,32,11,108.2,85,57.71,21.1,0,Asia,1
Indonesia,24,4,1992,0,3,-3,0,2,1,0,0,0,0,0,1,0,0,1,0,0,0,0,0,0,0,0,0,0,3250000,1500000000,278000,171313900,181385000,24409000,0.0132269,735358,0,0,0,1949,25928500000,29188900000,0,1,0,28,9,100.1,59,61.08,21.3,1,Asia,0
South Korea,21,6,1992,0,2,-2,0,1,1,0,1,1,0,0,0,0,0,0,1,0,0,1,0,0,0,1,0,0,27864000,10800000000,750000,352248100,43296000,30879000,0.0218287,38691,0,2,1,1949,81825900000,72377600000,0,0,1,15,6,100.3,15,70.42,27,1,Asia,1
Vietnam,11,7,1996,0,6,-3,0,0,0,0,0,0,0,0,0,0,0,0,0,0,0,0,0,0,0,0,0,0,271000,910000000,650000,38420750,73793000,8787000,0.0083814,128565,0,0,0,1954,8358520000,5621440000,0,0,0,27,7,96,38,67.92,21.8,1,Asia,0
Singapore,9,7,1996,0,12,-2,0,0,0,0,0,0,0,0,0,0,0,0,0,0,0,0,0,0,0,0,0,0,521000,3970000000,53000,206183600,3468000,3468000,0.0034014,274,0,0,0,1965,1.24397E+11,1.18221E+11,0,0,0,19,4,101.4,4,76.79,31.8,1,Asia,0
Malaysia,6,3,1996,0,4,0,0,1,0,0,0,0,0,0,1,0,0,0,0,0,0,0,0,0,0,0,0,0,2450000,3514000000,122000,74374090,20689000,3484000,0.0037099,127355,0,0,0,1957,77633100000,73725900000,0,0,0,27,5,103.3,16,70.6,22.5,1,Asia,0
Oman,17,6,1996,0,12,-6,0,1,1,0,0,0,0,0,0,0,0,1,0,0,0,0,0,0,0,0,0,0,0,2018000000,36000,15562640,2135000,0,0.0008515,119498,0,19,0,1971,4253440000,5964880000,0,0,0,33,4,144.7,31,72.14,20.1,1,Asia,0
Jordan,13,7,1996,0,3,-3,0,0,0,0,0,1,0,0,0,0,0,0,0,0,0,0,0,0,1,1,0,0,30000,448000000,100000,5586614,5373000,2267000,0.0012714,35637,0,36,0,1946,3712900000,1441690000,0,0,0,34,5,110.3,31,70.95,18.9,1,Asia,0
Qatar,19,7,1996,0,6,-3,0,1,1,0,0,0,0,0,0,0,0,0,1,0,0,0,0,0,0,0,0,0,606000,700000000,10000,32758630,548000,338000,0.0006584,4416,0,35,0,1971,1929330000,3680560000,0,0,1,23,2,193.2,18,74.7,29.4,1,Asia,0
Kyrgyz Republic,31,1,1996,0,3,-9,0,1,1,0,1,0,0,0,0,1,0,0,0,0,0,0,1,0,0,0,0,0,0,56000000,13000,4894057,4514000,802000,0.0003648,77181,0,21,0,1991,391510000,483310000,0,0,0,29,8,96.9,60,66.18,21.5,1,Asia,0
Lebanon,20,6,1996,0,7,-1,1,0,0,0,0,0,0,0,0,0,0,0,0,0,0,0,0,0,0,0,0,0,0,490000000,55000,990561.5,3009000,879000,0.0006894,4036,0,36,0,1946,6769180000,716010000,0,0,0,25,7,96.3,31,69.4,24.1,1,Asia,0
Tajikistan,4,8,1999,0,6,-3,0,2,2,1,1,0,0,0,0,0,1,0,1,0,0,0,0,1,0,0,0,0,0,102000000,7000,4736758,6015000,879000,0.0003631,55251,0,24,0,1991,710990000,596570000,0,0,0,37,9,100,88,62.16,18.2,1,Asia,0
Syria,11,4,2000,0,13,0,1,2,1,0,0,0,0,0,1,1,0,0,0,0,0,0,0,0,0,0,0,0,70000,989000000,310000,41112140,15725000,7990000,0.0040665,185180,0,36,0,1946,3831610000,3463660000,0,0,1,33,4,101.6,26,72.05,17.7,1,Asia,0
UAE,26,11,1999,0,9,-3,0,1,1,1,1,0,1,0,0,0,0,0,0,1,1,0,0,0,1,0,0,0,90000,3056000000,65000,108877500,2353000,2123000,0.0022273,32278,0,35,0,1971,24728000000,25812500000,0,0,1,23,3,198.1,12,72.48,27.7,1,Asia,0
Kazakhstan,8,4,2000,0,9,-1,1,0,0,0,0,0,0,1,0,0,0,0,0,0,0,0,0,0,0,0,0,0,4099000,291000000,33000,87247770,16269000,5298000,0.0027485,1052085,0,24,0,1991,3686500000,5598000000,0,0,0,21,9,93.6,51,65.45,27,1,Asia,0
Turkmenistan,16,2,2000,0,9,-3,0,0,0,0,0,0,0,0,0,0,0,0,0,0,0,0,0,0,0,0,0,0,0,144000000,15000,27959460,4384000,825000,0.0005458,188456,0,12,0,1991,1478300000,1187060000,0,0,0,33,9,97.5,75,62.69,20.2,1,Asia,0
Burma,9,4,2000,0,6,-3,0,2,1,0,2,0,0,1,0,0,0,0,1,0,0,1,1,0,0,2,0,0,25000,1995000000,345000,17438800,45059000,7963000,0.005175,261227,0,0,0,1948,2527690000,1393300000,0,0,0,25,10,98.7,76,58.83,22.9,1,Asia,0
North Korea,9,4,2000,0,11,-2,0,4,4,1,1,2,0,0,0,0,2,0,1,1,0,1,0,0,0,0,0,0,300000,2100000000,1000000,29057070,23702000,8241000,0.0098148,46528,0,2,0,1948,1223860000,784090000,0,0,0,21,6,96.4,24,70.19,28,1,Asia,0
Vietnam,29,1,2000,0,6,-3,0,0,0,0,0,0,0,0,0,0,0,0,0,0,0,0,0,0,0,1,0,0,308000,890000000,485000,46845020,78705000,9913000,0.0074144,128565,0,0,0,1954,11742100000,11541400000,0,0,0,27,7,96,38,67.92,21.8,1,Asia,0
Singapore,20,2,2000,0,6,-3,0,0,0,0,0,0,0,0,0,0,0,0,0,0,0,0,0,0,0,0,0,0,590000,4696000000,60000,173811500,3951000,3951000,0.0032859,274,0,0,0,1965,1.11074E+11,1.14754E+11,0,0,0,19,4,101.4,4,76.79,31.8,1,Asia,0
Tajikistan,21,11,2003,0,8,-1,1,1,1,0,3,0,1,0,0,0,1,0,0,0,0,0,2,0,1,0,0,0,0,140000000,6000,4688848,6441000,889000,0.0003538,55251,0,31,0,1991,720500000,736900000,0,0,0,33,8,100.5,80,62.88,18.5,1,Asia,0
Singapore,19,11,2003,0,4,-7,0,0,0,0,0,0,0,0,0,0,0,0,0,0,0,0,0,0,0,0,0,0,460000,4581000000,60000,157484600,4176000,4167000,0.0029468,274,0,0,0,1965,1.16483E+11,1.25219E+11,0,0,0,14,4,99.8,3,78.04,34.1,1,Asia,0
Yemen,15,10,2003,0,7,-3,0,0,0,0,1,0,0,0,0,0,0,0,0,0,0,0,1,0,0,0,0,0,0,740000000,66000,7826809,18540000,2924000,0.0014708,203796,0,35,0,1990,2776940000,3270990000,0,0,0,43,10,101,79,58.28,15.5,1,Asia,0
Lebanon,18,11,2003,0,4,-11,0,0,0,0,0,0,0,0,0,0,0,0,0,0,0,0,0,0,0,0,0,0,0,539000000,72000,1787296,3899000,878000,0.0008772,4036,0,36,0,1946,6254820000,1017450000,0,0,1,23,7,95.5,28,70.27,25.6,1,Asia,0
Vietnam,24,10,2003,0,9,-3,0,1,1,1,0,0,0,0,0,0,0,0,0,1,0,0,0,0,0,0,0,0,409000,2226000000,484000,54429580,79727000,10901000,0.0078509,128565,0,0,0,1954,19744800000,16704700000,0,0,0,19,6,96.6,29,70.74,23.8,1,Asia,0
Malaysia,22,10,2003,0,5,-8,0,1,1,1,4,0,0,0,0,0,0,0,1,0,1,0,2,1,0,0,0,0,4722000,2238000000,100000,107143300,24527000,4665000,0.0038707,127355,0,0,0,1957,79512700000,93386600000,0,0,0,25,5,103.5,12,71.63,23.8,1,Asia,0
Syria,22,11,2003,0,7,-6,0,0,0,0,1,0,0,0,0,0,0,0,0,0,0,0,1,0,0,0,0,0,70000,1064000000,319000,43655420,17130000,9987000,0.0043901,185180,0,35,0,1946,7151890000,6494690000,0,0,0,30,4,101.8,21,73.51,19.1,1,Asia,0
Yemen,6,9,2006,0,6,-9,0,0,0,0,0,0,0,0,0,0,0,0,1,0,0,0,0,0,0,0,0,0,0,584000000,66000,8654652,20283000,3367000,0.0014794,203796,0,35,0,1990,4799830000,5606290000,0,1,0,40,8,101,65,61.29,15.5,1,Asia,0
Syria,6,9,2006,0,8,-3,0,1,1,0,0,0,0,0,0,0,0,1,0,0,0,0,0,0,0,0,0,0,70000,1502000000,307000,42268050,18138000,11983000,0.0044564,185180,0,34,0,1946,15950200000,10314300000,0,0,0,26,4,101.8,17,74.5,19.1,1,Asia,0
Jordan,11,10,2006,0,10,-2,0,0,0,0,0,0,0,0,0,0,0,0,0,0,0,0,0,0,0,0,0,0,150000,973000000,100000,10106610,5473000,2147000,0.001377,35637,0,34,0,1946,10497200000,4300600000,0,0,1,28,4,108.3,24,72.33,19.4,1,Asia,0
Kuwait,15,11,2006,0,4,0,1,1,0,0,0,0,0,1,0,0,0,0,0,0,0,0,0,0,0,0,0,0,0,3568000000,15000,109543500,2245000,0,0.001375,6880,0,38,0,1961,15365500000,35232600000,0,0,1,18,3,143.9,10,73.75,28.3,1,Asia,0
Singapore,11,10,2006,0,8,-3,0,0,0,0,0,0,0,0,0,0,0,0,0,0,0,0,0,0,0,0,0,0,572000,5578000000,72000,228790700,4266000,4342000,0.0033323,274,0,0,0,1965,2.00197E+11,2.29447E+11,0,0,0,10,5,99.8,3,79.37,34.1,1,Asia,0
Brazil,4,8,1991,0,4,-1,1,0,0,0,0,0,0,0,0,0,0,0,0,0,0,0,0,0,0,0,0,0,20567000,1180000000,295000,337906900,144724000,75592000,0.0236354,3287597,0,31,1,1822,24977300000,31413800000,0,0,0,26,7,98.7,52,65.32,22.6,1,South America,1
El Salvador,2,6,1991,0,1,-1,0,1,1,0,0,0,0,0,0,0,1,0,0,0,0,0,0,0,0,0,0,0,16000,143830000,55000,2808176,5031000,1344000,0.0007138,8124,0,31,1,1875,1276700000,586010000,1,0,1,33,9,94.6,54,63.15,18.8,1,North America,0
El Salvador,9,3,1993,0,1,0,0,1,0,0,0,0,0,0,1,0,0,0,0,0,0,0,0,0,1,0,0,0,28000,175000000,49000,3164146,5477000,1527000,0.0007691,8124,0,33,1,1875,1698500000,597510000,0,1,0,33,9,94.6,54,63.15,18.8,1,North America,1
Nicaragua,18,4,1997,0,0,-4,0,3,2,1,2,0,0,0,1,1,0,0,0,1,0,1,0,0,1,0,0,0,0,37000000,14000,3024577,4238000,1057000,0.0003666,50193,0,33,1,1900,1153700000,466400000,0,0,0,35,7,99.2,48,66.04,17.7,0,North America,1
Panama,20,4,1997,0,0,-3,0,0,0,0,0,0,0,0,0,0,0,0,0,0,0,0,0,0,0,0,0,0,0,112000000,12000,4500141,2674000,758000,0.0003014,29157,0,33,1,1903,2387320000,3027710000,0,0,0,25,5,101.9,27,72.77,23.4,0,North America,1
El Salvador,26,3,1999,0,0,-6,0,1,1,0,0,0,0,0,0,1,0,0,0,0,0,0,0,0,0,0,0,0,43000,163000000,15000,3904724,6032000,2071000,0.0005537,8124,0,33,1,1875,3108040000,1257070000,0,0,1,30,7,93.8,40,68.14,19.9,1,North America,1
Cuba,10,10,1999,0,4,0,0,1,0,0,0,0,0,0,1,0,0,0,0,0,0,0,0,0,0,0,0,0,283000,765000000,55000,8993514,11116000,4400000,0.0014399,42426,0,0,0,1902,2977240000,1484070000,0,0,1,15,7,101.4,15,74.62,30.1,0,North America,0
Honduras,20,2,2003,0,4,-5,0,3,2,0,0,0,0,0,1,1,0,1,0,0,0,0,0,0,0,0,1,0,-9000,55000000,8000,3291099,6695000,1536000,0.0004861,43278,0,33,1,1899,2943200000,1177720000,0,0,0,33,6,99.8,35,69.73,18.4,1,North America,1
Guyana,18,1,2007,0,4,0,0,0,0,0,0,0,0,0,0,0,0,0,0,0,0,0,0,0,0,0,0,0,0,-9000,1000,747592.4,761000,121000,4.95E-05,83000,0,33,1,1966,926600000,671300000,0,0,0,20,8,99.9,49,65.71,23,0,South America,0
