Country,Year,Treat,Score,PointsFromCutpoint,Use,AGG5YearsBefore,AGG3YearsBefore,AGGYearBefore,AGGM5.5,AGGM5,AGGM4.5,AGGM4,AGGM3.5,AGGM3,AGGM2.5,AGGM2,AGGM1.5,AGGM1,AGGM.5,AGG0,AGGP.5,AGGP1,AGGP1.5,AGGP2,AGGP2.5,AGGP3,AGGP3.5,AGGP4,AGGP4.5,AGGP5,REVM5.5,REVM5,REVM4.5,REVM4,REVM3.5,REVM3,REVM2.5,REVM2,REVM1.5,REVM1,REVM.5,REV0,REVP.5,REVP1,REVP1.5,REVP2,REVP2.5,REVP3,REVP3.5,REVP4,REVP4.5,REVP5,FatalAGGBefore,FatalAGGAfter,ForceAGGBefore,ForceAGGAfter,AttackAGGBefore,AttackAGGAfter,Irst,Milex,Milper,Energy,Tpop,Upop,CINC,LandArea,Regime,GreatPower,Alliances,USAlly,EntranceYear,Imports,Exports,EngagedCivilWar,EndedCivilWar,PrevAppear,MilexAfter,MilperPercentAfter,SoccerMostPopular,BirthRate,DeathRate,SexRatio,InfantMortality,LifeExpectancy,MedianAge,Democracy,Rank,NumberOfParticipants
Belgium,1934,1,1,0,0,0,0,0,0,0,0,0,0,0,0,0,0,0,0,0,0,0,0,0,0,0,0,0,0,0,0,0,0,0,0,0,0,0,0,0,0,0,0,0,0,0,0,0,0,0,0,0,0,0,0,0,0,0,2731000,47928000,66000,29443000,8248000,950000,0.0152273,11787,NA,0,5,0,1830,545750000,511560000,0,0,1,43984000,0.008192771,1,NA,NA,NA,NA,NA,NA,1,15,16
Soviet Union,1958,1,6,0,1,8,6,1,2,1,0,1,0,1,2,0,0,3,0,1,2,3,3,0,0,4,2,1,3,1,1,1,0,1,0,0,2,0,0,2,0,0,1,2,3,0,0,2,1,0,2,0,3,0,2,6,1,2,51176000,27624304000,4500000,518622000,203169000,45119000,0.1672666,8649538,1,1,0,0,NA,4277700000,4380000000,0,0,0,34500000000,0.0171023,1,26.3,9.2,80.2,73,64.1,26.1,0,7,16
Switzerland,1962,1,6,0,1,0,0,0,0,0,0,0,0,0,0,0,0,0,0,0,0,0,0,0,0,0,0,0,0,0,0,0,0,0,0,0,0,0,0,0,0,0,0,0,0,0,0,0,0,0,0,0,0,0,0,0,0,0,297000,254588000,29000,11287000,5434000,1121000,0.0018668,15940,0,0,0,0,1816,2691200000,2044100000,0,0,0,305000000,0.003512469,1,18,10,93.9,24,70.71,32.7,1,16,16
Bulgaria,1962,1,6,0,1,0,0,0,0,0,0,0,0,0,0,0,0,0,0,0,0,0,0,0,0,0,0,0,0,0,0,0,0,0,0,0,0,0,0,0,0,0,0,0,0,0,0,0,0,0,0,0,0,0,0,0,0,0,340000,190736000,132000,9603000,7943000,1101000,0.0027722,42823,1,0,10,0,1908,779000000,775000000,0,0,0,230000000,0.022654122,1,19,9,99.7,65,66.3,30.4,0,15,16
Bulgaria,1966,1,6,0,1,0,0,0,0,0,0,0,0,0,0,0,0,0,0,0,0,0,0,0,0,1,0,0,0,0,0,0,0,0,0,0,0,0,0,0,0,0,0,0,0,0,0,1,0,0,0,0,0,0,0,0,0,0,588000,201202000,178000,18512000,8201000,1437000,0.0032996,42823,1,0,10,0,1908,1378000000,1376000000,0,0,1,237000000,0.021179302,1,17,8,99.9,37,70.05,32,0,15,16
Chile,1966,1,5,0,1,1,1,1,0,0,0,0,0,0,0,0,0,0,0,1,0,0,0,1,0,0,0,0,0,0,0,0,0,0,0,0,0,0,0,0,0,1,0,0,0,1,0,0,0,0,0,0,1,0,1,0,1,0,441000,136667000,70000,13964000,8579000,3157000,0.0026849,291930,0,0,19,1,1839,603500000,687800000,0,0,1,141000000,0.007815989,1,38,12,97.6,109,58.05,20.1,1,13.5,16
Czechoslovakia,1970,1,9,0,1,0,0,0,0,0,0,0,0,0,0,0,0,0,0,0,0,0,0,1,0,0,0,0,0,0,0,0,0,0,0,0,0,0,0,0,0,0,0,0,0,0,0,0,0,0,0,0,0,0,0,0,0,0,10802000,1997507000,210000,78286000,14415000,2256000,0.00934,49382,1,0,11,0,1918,3294000000,3319000000,0,0,0,2580000000,0.01542738,1,15.5,10.6,95,23,70.1,31.8,0,15,16
Sweden,1974,1,8,0,1,0,0,0,0,0,0,0,0,0,0,0,0,0,0,0,0,0,0,0,0,0,0,0,0,0,0,0,0,0,0,0,0,0,0,0,0,0,0,0,0,0,0,0,0,0,0,0,0,0,0,0,0,0,5651000,1791267000,75000,38081470,8137000,2297000,0.004351,173745,0,0,0,0,1816,10625500000,12164100000,0,0,1,2360000000,0.009154156,1,15,10,99.7,12,74.07,35.4,1,5,16
Netherlands,1974,1,10,0,1,0,0,0,0,0,0,0,0,0,0,0,0,0,0,0,0,0,0,0,0,0,0,0,0,0,0,0,0,0,0,0,0,0,0,0,0,0,0,0,0,0,0,0,0,0,0,0,0,0,0,0,0,0,5625000,1917298000,111000,161124000,13438000,3765000,0.0072353,16039,0,0,20,1,1816,24753700000,24075500000,0,0,0,2810000000,0.007837105,1,19,8,99.6,13,73.64,28.6,1,2,16
Uruguay,1974,1,5,0,1,1,1,1,0,0,0,0,0,0,0,0,0,0,1,0,0,0,0,0,0,0,0,0,0,0,0,0,0,0,0,0,0,0,0,0,1,0,0,0,0,0,0,0,0,0,0,0,0,0,0,0,0,0,12000,68571000,20000,3615680,2821000,1176000,0.0006158,68037,1,0,22,1,1882,288580000,321520000,0,0,1,94824000,0.008837045,1,20,10,98.9,47,68.47,29.7,0,13,16
Yugoslavia,1974,1,6,0,1,0,0,0,0,0,0,0,0,0,0,0,0,0,0,0,0,0,0,0,1,0,0,0,0,0,0,0,0,0,0,0,0,0,0,0,0,0,0,0,0,0,1,0,0,0,0,0,0,0,0,1,0,1,2676000,871456000,258000,39809880,20956000,2851000,0.0050122,98766,1,0,0,0,1878,4513100000,2853260000,0,0,0,1660000000,0.012645185,1,19,9,97.7,61,66.9,30.6,0,7,16
Italy,1978,1,10,0,1,0,0,0,0,0,0,0,0,0,0,0,0,0,0,0,0,0,0,0,1,0,0,0,0,0,0,0,0,0,0,0,0,0,0,0,0,0,0,0,0,0,0,0,0,0,0,0,0,0,0,0,0,0,23334000,5137184000,475000,229550300,55955000,16145000,0.0195212,116346,0,0,20,1,1816,48106600000,45312700000,0,0,1,7780000000,0.008700593,1,16,10,94.6,27,72.14,33.5,1,4,16
France,1982,1,10,0,1,3,2,0,0,0,0,0,1,0,0,0,1,1,0,0,0,0,0,0,1,1,0,1,0,0,0,0,0,0,1,0,0,0,0,0,0,0,0,0,0,0,1,1,0,1,0,0,0,0,0,1,0,1,21258000,23867415000,575000,268747700,54182000,10330000,0.0218667,260585,0,1,24,1,1816,1.21E+11,1.06E+11,0,0,1,21700000000,0.010561321,1,14,10,95.4,12,73.67,32.4,1,4,24
New Zealand,1982,1,7,0,1,0,0,0,0,0,0,0,0,0,0,0,0,0,0,0,0,0,0,0,0,0,0,0,0,0,0,0,0,0,0,0,0,0,0,0,0,0,0,0,0,0,0,0,0,0,0,0,0,0,0,0,0,0,0,380945000,12000,12266690,3125000,595000,0.0005564,103483,0,0,2,1,1920,5744290000,5622440000,0,0,0,442000000,0.00406377,0,17,8,98.9,14,72.41,27.9,1,23,24
Ireland,1994,1,18,0,1,0,0,0,0,0,0,0,0,0,0,0,0,0,0,0,0,0,0,0,0,0,0,0,0,0,0,0,0,0,0,0,0,0,0,0,0,0,0,0,0,0,0,0,0,0,0,0,0,0,0,0,0,0,326000,543000000,13000,13014740,3574000,607000,0.0005775,32595,0,0,0,0,1922,21528200000,29180300000,0,0,1,688000000,0.004720911,0,16,9,99,8,74.11,29.2,1,16,24
Nigeria,1994,1,5,0,1,1,1,1,0,0,0,0,0,0,0,0,0,0,1,0,0,0,0,1,0,0,1,0,1,0,0,0,0,0,0,0,0,0,0,0,1,0,0,0,0,1,0,0,1,0,0,0,0,0,1,1,1,0,140000,210000000,76000,96262730,105265000,15929000,0.0065302,356667,1,0,15,0,1960,7600890000,11590100000,0,0,0,1510000000,0.000716063,1,45,19,101.3,127,45.81,17.5,0,9,24
South Korea,1994,1,6,0,1,2,2,1,0,0,0,0,0,0,1,0,0,0,1,0,0,0,0,0,1,0,0,0,0,0,0,0,0,0,0,0,1,0,0,0,0,0,0,0,0,0,1,0,0,0,0,0,0,0,0,0,0,0,33026000,11930000000,750000,447271000,44195000,32438000,0.024487,38691,0,0,2,1,1949,86630200000,85816000000,0,0,1,14200000000,0.016632293,1,15,6,100.3,15,70.42,27,1,20,24
Chile,1998,1,25,0,1,0,0,0,0,0,0,0,0,0,0,0,0,0,0,0,0,0,0,0,0,0,0,0,0,0,0,0,0,0,0,0,0,0,0,0,0,0,0,0,0,0,0,0,0,0,0,0,0,0,0,0,0,0,1167000,2922000000,102000,34831080,14622000,9056000,0.0031732,291930,0,0,35,1,1839,21147800000,18222500000,0,0,0,2590000000,0.005859245,1,22,5,97.8,14,74.52,27.1,1,16,32
Senegal,2002,1,15,0,1,0,0,0,0,0,0,0,0,0,0,0,0,0,0,0,0,1,0,0,0,0,0,0,0,0,0,0,0,0,0,0,0,0,0,0,0,0,0,0,0,0,0,0,0,0,0,0,0,0,0,0,0,0,0,61000000,10000,3119437,9667000,2718000,0.0006102,76000,0,0,14,0,1960,1727110000,783610000,0,0,0,94000000,0.001377275,1,41,12,98.8,66,54.98,17,1,7,32
Angola,2006,1,21,0,1,3,1,1,0,0,1,0,0,1,0,0,0,0,1,0,0,0,0,0,0,0,1,0,0,0,0,0,1,0,0,0,0,0,0,0,0,0,0,0,0,0,0,0,0,0,0,0,0,0,0,0,0,0,-9000,1189000000,108000,23916600,16618000,3298000,0.0022973,481354,1,0,10,0,1975,8136070000,20193800000,0,0,0,2260000000,0.00609513,1,49,18,97.3,116,47.24,16.1,0,23,32
Algeria,2010,1,13,0,1,0,0,0,0,0,0,0,0,0,0,0,0,0,0,0,0,0,0,0,0,0,0,0,0,0,0,0,0,0,0,0,0,0,0,0,0,0,0,0,0,0,0,0,0,0,0,0,0,0,0,0,0,0,1158000,3096000000,138000,296874900,33481000,10730000,0.0051217,919595,1,0,37,0,1962,40703300000,45188200000,0,0,0,NA,NA,1,21,5,101.8,30,70.99,21.7,0,28,32
Romania,1934,1,2,1,0,0,0,0,0,0,0,0,0,0,0,0,0,0,0,0,0,0,0,0,0,0,0,0,0,0,0,0,0,0,0,0,0,0,0,0,0,0,0,0,0,0,0,0,0,0,0,0,0,0,0,0,0,0,145000,41553000,147000,4007000,18652000,956000,0.0088728,92043,NA,0,6,0,1878,91590000,110600000,0,0,1,73995000,0.007439229,1,NA,NA,NA,NA,NA,NA,0,12,16
Sweden,1950,1,4,1,0,0,0,0,0,0,0,0,0,0,0,0,0,0,0,0,0,0,0,0,0,0,0,0,0,0,0,0,0,0,0,0,0,0,0,0,0,0,0,0,0,0,0,0,0,0,0,0,0,0,0,0,0,0,1370000,267222000,-9000,12578000,6986000,1486000,0.0059543,173745,0,0,0,0,1816,1155700000,1134400000,0,0,1,278000000,-0.001267784,1,NA,NA,NA,NA,NA,NA,1,3,13
Yugoslavia,1958,1,6,1,1,3,1,0,0,1,0,1,1,0,0,0,1,0,0,0,0,0,0,0,0,0,0,0,0,0,0,0,0,1,0,0,0,0,1,0,0,0,0,0,0,0,0,0,0,0,0,0,0,0,1,0,0,0,1049000,530000000,370000,12537000,17859000,1400000,0.0068053,98766,1,0,2,0,1878,648800000,393600000,0,0,1,652000000,0.020314044,1,27,14,95.8,110,57.97,26.6,0,5,16
Paraguay,1958,1,6,1,1,0,0,0,0,0,0,0,0,0,0,0,0,0,0,0,0,0,0,1,0,0,0,0,1,0,0,0,0,0,0,0,0,0,0,0,0,0,0,0,0,0,0,0,0,0,0,0,0,1,0,1,0,0,0,4800000,7000,9000,1645000,253000,0.0002765,157048,1,0,21,1,1846,30030000,33000000,0,0,0,5100000,0.006358382,1,44,9,96.6,73,62.61,16.2,0,12,16
Romania,1970,1,8,1,1,0,0,0,0,0,0,0,0,0,0,0,0,0,0,0,0,0,0,0,0,0,0,0,0,0,0,0,0,0,0,0,0,0,0,0,0,0,0,0,0,0,0,0,0,0,0,0,0,0,0,0,0,0,5541000,783558000,190000,63499000,20010000,3388000,0.006929,92043,1,0,9,0,1878,1914760000,1621780000,0,0,0,1940000000,0.010649731,1,16,9,95.9,60,66.8,30.2,0,11,16
Bulgaria,1970,1,9,1,1,1,1,0,0,0,0,0,0,0,0,0,0,1,0,0,0,0,0,1,0,0,0,0,0,0,0,0,0,0,0,0,0,0,0,1,0,0,0,0,0,1,0,0,0,0,0,0,0,0,1,0,0,0,1515000,297847000,175000,26035000,8434000,1665000,0.0033364,42823,1,0,10,0,1908,2047000000,2100000000,0,0,1,1270000000,0.022141518,1,17,8,99.9,37,70.05,32,0,13,16
Peru,1970,1,5,1,1,1,1,1,0,0,0,0,0,0,0,0,0,0,1,0,0,0,0,0,1,0,0,0,0,0,0,0,0,0,0,0,0,0,0,0,1,0,0,0,0,0,1,0,0,0,0,0,0,0,1,1,0,0,194000,174910000,75000,7070000,12829000,3417000,0.0023604,496225,1,0,22,1,1839,601770000,864840000,0,0,0,225000000,0.005527712,1,47,18,101.4,138,49.07,18.1,0,7,16
Morocco,1970,1,5,1,1,0,0,0,0,0,0,0,0,0,0,0,0,0,0,0,0,0,0,0,1,0,1,0,0,0,0,0,0,0,0,0,0,0,0,0,0,0,0,0,0,0,1,0,1,0,0,0,0,0,0,1,0,0,1000,80040000,70000,2389000,14598000,3245000,0.0021167,172487,1,0,26,0,1847,559170000,482050000,0,0,0,110000000,0.004232322,1,50,20,99.9,145,47.95,17.2,0,14,16
East Germany,1974,1,10,1,1,1,1,0,0,1,0,0,0,0,1,0,0,0,0,0,0,0,0,0,0,0,0,0,0,0,0,1,0,0,0,0,0,0,0,0,0,0,0,0,0,0,0,0,0,0,0,0,0,0,0,0,0,0,5892000,3691000000,202000,163290500,16980000,3955000,0.0091252,41828,1,0,11,0,1954,7853520000,7520500000,0,0,0,4400000000,0.01305638,1,15.1,13.7,85.3,21,71.3,34.3,0,6,16
Poland,1974,1,5,1,1,0,0,0,1,0,0,0,0,0,0,0,0,0,0,0,0,0,0,0,0,0,0,0,0,0,1,0,0,0,0,0,0,0,0,0,0,0,0,0,0,0,0,0,0,0,0,0,0,0,0,0,0,0,14057000,4717700000,328000,169702200,33363000,7879000,0.0141773,120696,1,0,11,0,1918,8485110000,6432020000,0,0,0,5980000000,0.012785844,1,17,8,94.4,36,69.81,28.2,0,3,16
Austria,1978,1,10,1,1,0,0,0,0,0,0,0,0,0,0,0,0,0,0,0,0,0,0,0,0,0,0,0,0,0,0,0,0,0,0,0,0,0,0,0,0,0,0,0,0,0,0,0,0,0,0,0,0,0,0,0,0,0,4093000,575724000,37000,31156040,7568000,2335000,0.0026838,32377,0,0,0,0,1919,14206000000,9802300000,0,0,0,863000000,0.005298715,1,14,13,89.6,24,70.67,33.8,1,7,16
France,1978,1,5,1,1,0,0,0,0,0,0,0,0,0,0,0,0,0,0,0,1,0,0,0,1,1,0,0,0,0,0,0,0,0,0,0,0,0,0,0,0,0,1,0,0,0,0,0,0,0,0,0,0,0,0,1,0,1,22094000,15015875000,584000,284525800,53145000,9901000,0.0230707,260558,0,1,25,1,1816,70493800000,64989100000,0,0,0,22700000000,0.010782375,1,16,11,96,16,72.43,31.6,1,12,16
Tunisia,1978,1,5,1,1,0,0,0,0,0,0,0,0,0,0,0,0,0,0,0,0,0,0,0,1,1,0,0,0,0,0,0,0,0,0,0,0,0,0,0,0,0,0,0,0,0,1,0,0,0,0,0,0,0,0,0,0,0,156000,121678000,20000,2886684,5928000,572000,0.0006019,63170,1,0,38,0,1825,1824340000,924540000,0,0,0,154000000,0.003858521,1,37,12,102.8,119,55.6,17.7,0,9,16
Britain,1982,1,9,1,1,1,1,0,0,0,0,0,0,0,0,0,1,0,0,0,0,1,0,0,0,0,1,0,0,0,0,0,0,0,0,0,0,0,0,0,0,0,0,0,0,0,0,0,0,0,0,0,0,0,0,1,0,1,15573000,25691234000,341000,335492100,56352000,35247000,0.0248329,94060,0,1,22,1,1816,1.03E+11,1.02E+11,0,0,0,24900000000,0.005906664,1,12,12,94.7,14,72.93,34.4,1,6,24
El Salvador,1982,1,6,1,1,0,0,0,0,0,0,0,0,0,0,0,0,0,0,0,0,0,0,0,0,0,0,0,0,0,0,0,0,0,0,0,0,0,0,0,0,0,0,0,0,0,0,0,0,0,0,0,0,0,0,0,0,0,0,116000000,23000,2941071,4587000,884000,0.0005313,8124,1,0,28,1,1875,981360000,796510000,1,0,0,158000000,0.00677392,1,40,12,96.5,95,57.07,17.3,0,24,24
Portugal,1986,1,10,1,1,0,0,0,0,0,0,0,0,0,0,0,0,0,0,0,0,0,0,0,0,0,0,0,0,0,0,0,0,0,0,0,0,0,0,0,0,0,0,0,0,0,0,0,0,0,0,0,0,0,0,0,0,0,665000,674920000,102000,35645590,10011000,1124000,0.0017791,35603,0,0,16,1,1816,7665750000,5692650000,0,0,0,1130000000,0.010506304,1,15,10,93.1,20,72.33,32.1,1,17,24
Bulgaria,1986,1,11,1,1,0,0,0,0,0,0,0,0,0,0,0,0,0,0,0,0,0,0,1,0,0,0,0,0,0,0,0,0,0,0,0,0,0,0,0,0,0,0,0,0,1,0,0,0,0,0,0,0,0,0,1,0,1,2944000,1656000000,189000,126350900,8960000,2505000,0.0041206,42823,1,0,12,0,1908,4240950000,2560690000,0,0,0,2370000000,0.021290826,1,14,11,98.8,18,71.24,35.7,0,15,24
Romania,1990,1,9,1,1,0,0,0,0,0,0,0,0,0,0,0,0,0,0,0,0,0,0,0,0,0,1,0,0,0,0,0,0,0,0,0,0,0,0,0,0,0,0,0,0,0,0,0,1,0,0,0,0,0,0,0,0,0,14411000,1980000000,207000,237437900,23152000,6748000,0.0084825,92043,1,0,11,0,1878,9950720000,11090000000,0,1,0,1150000000,0.008669398,1,16,10,97.4,26,69.66,31.8,0,13,24
United Arab Emirates,1990,1,6,1,1,0,0,0,0,0,0,0,0,0,0,0,0,0,0,0,0,0,0,0,0,0,0,0,0,1,0,0,0,0,0,0,0,0,0,0,0,0,0,0,0,0,0,0,0,0,0,0,0,0,0,0,0,0,0,1471000000,43000,49836650,1856000,1250000,0.0012437,32278,1,0,37,0,1971,9559000000,16475400000,0,0,0,4900000000,0.033282905,0,15,9,94.7,12,74.32,31.4,0,24,24
Switzerland,1994,1,15,1,1,1,1,0,0,0,0,0,0,0,0,0,0,1,0,0,0,0,0,0,0,0,0,0,0,0,0,0,0,0,0,0,0,0,0,0,0,0,0,0,0,0,0,0,0,0,0,0,0,0,0,0,0,0,1260000,3969000000,35000,26293340,6938000,1036000,0.0019895,15940,0,0,0,0,1816,60702200000,62746900000,0,0,0,4950000000,0.005538986,1,12,9,95.4,7,77.23,36.9,1,15,24
Bulgaria,1994,1,14,1,1,0,0,0,0,0,0,0,0,0,0,0,0,0,0,0,0,0,0,0,0,0,0,0,0,0,0,0,0,0,0,0,0,0,0,0,0,0,0,0,0,0,0,0,0,0,0,0,0,0,0,0,0,0,1941000,589900000,52000,56695320,8472000,2724000,0.0019931,42823,0,0,6,0,1908,4484830000,2319330000,0,0,0,417000000,0.010706638,1,13,12,97.2,14,71.34,36.6,1,4,24
Bolivia,1994,1,11,1,1,0,0,0,0,0,0,0,0,0,0,0,0,0,0,0,0,0,0,0,0,0,0,0,0,0,0,0,0,0,0,0,0,0,0,0,0,0,0,0,0,0,0,0,0,0,0,0,0,0,0,0,0,0,0,126000000,32000,7881044,7065000,2801000,0.0008727,424163,0,0,35,1,1848,1177750000,803850000,0,0,0,146000000,0.003776639,1,37,11,98.2,90,57.34,19.2,1,21,24
Morocco,1994,1,6,1,1,0,0,0,0,0,0,0,0,0,0,0,0,0,0,0,0,0,0,0,0,0,0,0,0,0,0,0,0,0,0,0,0,0,0,0,0,0,0,0,0,0,0,0,0,0,0,0,0,0,0,0,0,0,7000,1193000000,195000,14857580,26069000,8420000,0.0035743,172487,1,0,39,0,1847,6858400000,3802570000,0,0,0,1460000000,0.007390283,1,32,9,99.5,79,62.7,19.7,0,23,24
Nigeria,1998,1,13,1,1,3,2,1,0,0,1,0,0,0,0,1,0,0,1,0,1,0,1,0,1,0,0,0,0,0,0,0,1,0,0,0,0,1,0,0,1,0,0,0,1,0,1,0,0,0,0,0,0,0,2,1,1,0,15000,1965000000,76000,133382300,118369000,19356000,0.0072503,356667,1,0,15,0,1960,7010510000,16524900000,0,0,1,2240000000,0.000706779,1,43,19,101.6,126,45.45,17.8,0,12,32
Nigeria,2002,1,16,1,1,4,2,0,0,0,1,0,1,0,1,0,1,0,0,0,0,0,0,0,0,0,0,0,0,0,0,0,1,0,0,0,1,0,1,0,0,0,0,0,0,0,0,0,0,0,0,0,0,0,1,0,0,0,15000,516000000,78000,170801600,118801000,23219000,0.0071316,356667,0,0,14,0,1960,7928340000,18044600000,0,0,0,478000000,0.000618297,1,42,19,101.9,122,45.23,18.1,0,27,32
Ivory Coast,2006,1,22,1,1,1,1,0,0,0,0,0,0,0,0,0,0,1,0,0,0,0,0,0,0,0,0,0,0,0,0,0,0,0,0,0,0,0,0,1,0,0,0,0,0,0,0,0,0,0,0,0,1,0,1,0,1,0,0,190000000,17000,19143780,19097000,4673000,0.001138,124502,0,0,14,0,1960,5872870000,7250980000,0,0,0,290000000,0.000840419,1,37,14,106.2,85,50.5,18.7,0,19,32
Tunisia,2006,1,20,1,1,0,0,0,0,0,0,0,0,0,0,0,0,0,0,0,0,0,0,0,0,0,0,0,0,0,0,0,0,0,0,0,0,0,0,0,0,0,0,0,0,0,0,0,0,0,0,0,0,0,0,0,0,0,115000,471000000,35000,10791500,10029000,1604000,0.0008298,63170,1,0,37,0,1825,13173100000,10487900000,0,0,1,470000000,0.003422983,1,17,6,101,23,73.02,24.7,0,24,32
Nigeria,2010,1,12,1,1,0,0,0,0,0,0,0,0,0,0,0,0,0,0,0,0,0,0,0,0,0,0,0,0,0,0,0,0,0,0,0,0,0,0,0,0,0,0,0,0,0,0,0,0,0,0,0,0,0,0,0,0,0,100000,768000000,79000,199883700,138359000,28220000,0.0075925,356667,0,0,14,0,1960,43278700000,52729200000,0,0,0,NA,NA,1,41,17,101.9,107,47.75,18.1,0,27,32
Austria,1934,1,2,2,0,0,0,0,0,0,0,0,0,0,0,0,0,0,0,0,0,0,0,0,0,0,0,0,0,0,0,0,0,0,0,0,0,0,0,0,0,0,0,0,0,0,0,0,0,0,0,0,0,0,0,0,0,0,226000,12054000,21000,5629000,6746000,2134000,0.0048335,32377,NA,0,0,0,1919,160710000,108490000,0,0,0,21808000,0.003697678,1,NA,NA,NA,NA,NA,NA,0,4,16
France,1934,1,2,2,0,0,0,0,0,0,0,0,0,0,0,0,0,0,0,0,0,1,0,0,0,0,0,0,0,0,0,0,0,0,0,0,0,0,0,0,0,0,0,0,0,0,0,0,0,0,0,0,0,0,0,0,0,0,6577000,524231000,449000,81751000,41890000,6451000,0.0638299,260558,NA,1,13,0,1816,1108810000,720480000,0,0,1,867000000,0.013066285,1,NA,NA,NA,NA,NA,NA,1,10,16
Sweden,1938,1,4,2,0,0,0,0,0,0,0,0,0,0,0,0,0,0,0,0,0,0,0,0,0,0,0,0,0,0,0,0,0,0,0,0,0,0,0,0,0,0,0,0,0,0,0,0,0,0,0,0,0,0,0,0,0,0,1105000,46805000,27000,12113000,6280000,947000,0.0049385,173745,NA,0,0,0,1816,541280000,509910000,0,0,1,98741000,-0.001424051,1,NA,NA,NA,NA,NA,NA,1,4,15
United States,1950,1,3,2,0,1,0,0,0,0,0,0,0,1,0,0,0,0,0,0,1,0,0,0,0,0,2,1,0,2,0,0,0,0,0,0,0,0,0,0,0,0,1,0,0,0,0,0,1,0,0,0,0,1,0,0,0,0,70740000,13503000000,1615000,1199344000,149767000,43216000,0.2731664,3794101,0,1,31,NA,1816,7163000000,11920000000,0,0,1,33400000000,0.020977802,1,NA,NA,NA,NA,NA,NA,1,10,13
Britain,1958,1,7,2,1,4,3,0,0,0,1,0,0,0,0,1,2,0,0,0,0,2,0,0,0,0,0,1,0,0,0,0,0,0,0,0,0,1,0,0,0,0,0,2,0,0,0,0,0,0,0,0,0,0,1,0,1,0,22047000,4383177000,702000,226407000,51632000,18824000,0.0473189,94060,0,1,35,1,1816,10834000000,9114700000,0,0,1,4450000000,0.010838705,1,15,12,92.8,29,69.28,35.1,1,11,16
France,1958,1,7,2,1,1,1,1,0,0,0,0,0,0,0,0,0,0,1,0,1,0,1,0,1,1,0,1,0,0,0,0,0,0,0,0,0,0,0,0,1,0,1,0,1,0,1,1,0,0,0,0,1,2,1,3,0,3,14096000,3692000000,913000,109639000,44311000,7629000,0.0327303,260558,0,1,29,1,1816,5677900000,4735100000,0,0,1,3650000000,0.021927498,1,19,13,93.4,44,67.27,32.9,1,3,16
Hungary,1958,1,6,2,1,0,0,0,1,0,0,0,0,0,0,0,0,0,0,0,0,0,0,0,0,0,0,0,0,0,1,0,0,0,0,0,0,0,0,0,0,0,0,0,0,0,0,0,0,0,0,0,0,0,0,0,0,0,1375000,99424000,5000,15428000,9840000,1859000,0.0031168,35919,1,0,5,0,1918,682300000,487900000,0,0,1,140000000,0.00553487,1,21,11,93.7,72,64.02,30.8,0,10,16
Austria,1958,1,7,2,1,0,0,0,0,0,0,0,0,0,0,0,0,0,0,0,0,0,0,0,0,2,0,0,0,0,0,0,0,0,0,0,0,0,0,0,0,0,0,0,0,0,0,0,0,0,0,0,0,0,0,0,0,0,2509000,65923000,23000,11465000,6966000,2273000,0.0036776,32377,0,0,0,0,1919,1128370000,978490000,0,0,1,76500000,0.004419732,1,15,12,86.8,55,66.26,35.2,1,15,16
Argentina,1958,1,6,2,1,1,1,0,0,1,0,0,0,0,0,1,0,0,0,0,0,1,0,0,1,0,0,0,0,0,0,1,0,0,0,0,0,1,0,0,0,0,0,1,0,0,1,0,0,0,0,0,0,0,1,0,0,0,221000,395278000,147000,17896000,19625000,7850000,0.0073708,1073518,1,0,20,1,1841,1243500000,969800000,0,0,0,253000000,0.00714673,1,25,9,104.4,66,62.51,26.3,0,13,16
West Germany,1966,1,7,2,1,1,0,0,0,0,0,1,0,0,0,0,0,0,0,0,0,0,0,0,0,0,0,0,0,0,0,0,0,0,0,0,0,0,0,0,0,0,0,0,0,0,0,0,0,0,0,0,0,0,0,0,0,0,36821000,5007541000,440000,256431000,59041000,16951000,0.0387259,95976,0,0,20,1,1955,17536000000,17858000000,0,0,1,5380000000,0.008184126,1,18,11.4,90.5,28,70,34.3,1,2,16
Portugal,1966,1,9,2,1,3,1,0,0,0,0,1,1,0,1,0,0,0,0,0,1,0,1,1,0,0,1,1,0,1,0,0,0,1,1,0,1,0,0,0,0,0,1,0,1,0,0,0,0,1,0,1,0,0,0,2,0,2,273000,230743000,160000,3430000,9129000,1124000,0.0025421,35603,1,0,16,1,1816,919900000,575800000,0,0,0,330000000,0.021421509,1,24,11,91.4,79,64.24,28.9,0,3,16
Italy,1970,1,7,2,1,0,0,0,0,0,0,0,0,0,0,0,0,0,0,0,0,0,0,0,0,0,0,0,0,0,0,0,0,0,0,0,0,0,0,0,0,0,0,0,0,0,0,0,0,0,0,0,0,0,0,0,0,0,16428000,2265000000,435000,177058000,53538000,15279000,0.0204403,116346,0,0,20,1,1816,12460500000,11741700000,0,0,1,2990000000,0.00804468,1,18,10,94.3,41,69.62,32.3,1,2,16
Sweden,1970,1,6,2,1,0,0,0,0,0,0,0,0,0,0,0,0,0,0,0,0,0,0,0,0,0,0,0,0,0,0,0,0,0,0,0,0,0,0,0,0,0,0,0,0,0,0,0,0,0,0,0,0,0,0,0,0,0,5377000,1080308000,75000,16954000,7970000,2017000,0.0042206,173745,0,0,0,0,1816,5903000000,5690100000,0,0,0,1310000000,0.009261546,1,15,10,99.7,16,73.44,36.2,1,9,16
Belgium,1970,1,9,2,1,0,0,0,0,0,0,0,0,0,0,0,0,0,0,0,0,0,0,0,0,0,0,0,0,0,0,0,0,0,0,0,0,0,0,0,0,0,0,0,0,0,0,0,0,0,0,0,0,0,0,0,0,0,12837000,628002000,115000,64153000,9646000,916000,0.0073306,11787,0,0,20,1,1830,9553628000,9617682000,0,0,0,832000000,0.01137186,1,17,13,96.4,27,70.06,34.8,1,10,16
Argentina,1974,1,7,2,1,1,0,0,1,0,1,0,0,0,0,0,0,0,0,0,0,0,0,0,1,0,0,2,0,1,1,0,1,0,0,0,0,0,0,0,0,0,0,0,0,0,1,0,0,2,0,1,0,0,0,1,0,1,1995000,468085000,160000,53948950,25198000,9852000,0.0059622,1073518,0,0,22,1,1841,2241340000,3268650000,0,0,0,628000000,0.00614227,1,23,9,100.6,57,65.75,27.4,1,8,16
Haiti,1974,1,8,2,1,0,0,0,0,0,0,0,0,0,0,0,0,0,0,0,0,0,0,0,0,0,0,0,0,0,0,0,0,0,0,0,0,0,0,0,0,0,0,0,0,0,0,0,0,0,0,0,0,0,0,0,0,0,0,7980000,12000,1196454,4760000,466000,0.0004115,10714,1,0,22,1,1859,76150000,51170000,0,0,0,10180000,0.001219512,1,41,19,97,154,46.12,19,0,15,16
Poland,1978,1,11,2,1,0,0,0,0,0,0,0,0,0,0,0,0,0,0,0,0,0,0,0,0,0,0,0,0,0,0,0,0,0,0,0,0,0,0,0,0,0,0,0,0,0,0,0,0,0,0,0,0,0,0,0,0,0,17841000,7430300000,370000,212292600,34698000,9499000,0.0159421,120696,1,0,11,0,1918,16471600000,12265100000,0,0,1,8280000000,0.011316902,1,18,8,94.9,28,70.57,28.6,0,5,16
Sweden,1978,1,6,2,1,0,0,0,0,0,0,0,0,0,0,0,0,0,0,0,0,0,0,0,0,0,0,0,0,0,0,0,0,0,0,0,0,0,0,0,0,0,0,0,0,0,0,0,0,0,0,0,0,0,0,0,0,0,3953000,2689664000,69000,48502950,8252000,2282000,0.0039127,173745,0,0,0,0,1816,20114300000,19043100000,0,0,1,3470000000,0.008198698,1,14,10,98.9,10,74.78,35.3,1,13,16
Spain,1978,1,6,2,1,1,1,0,0,0,0,0,0,0,1,0,0,0,0,0,0,0,0,0,0,0,0,0,0,0,0,0,0,0,0,0,1,0,0,0,0,0,0,0,0,0,0,0,0,0,0,0,0,0,0,0,0,0,11270000,2087465000,373000,105459800,36351000,14088000,0.0117149,195364,0,0,2,1,1816,17834000000,10221000000,0,0,0,3530000000,0.01005836,1,19,9,95.9,24,72.51,30.1,0,10,16
Austria,1982,1,11,2,1,0,0,0,0,0,0,0,0,0,0,0,0,0,0,0,0,0,0,0,0,0,0,0,0,0,0,0,0,0,0,0,0,0,0,0,0,0,0,0,0,0,0,0,0,0,0,0,0,0,0,0,0,0,4656000,700215000,40000,34154300,7569000,2317000,0.0026665,32377,0,0,0,0,1919,21029300000,15832300000,0,0,1,937000000,0.006607638,1,12,13,89.6,17,71.99,34.7,1,8,24
Peru,1982,1,6,2,1,3,2,1,0,0,0,1,0,0,0,1,0,0,1,0,0,0,0,0,1,0,0,0,0,0,0,0,0,0,0,0,0,1,0,0,0,0,0,0,0,0,0,0,0,0,0,0,1,1,2,1,1,1,364000,887554000,157000,18776080,17720000,6527000,0.0032975,496225,0,0,28,1,1839,3777390000,3246900000,0,0,1,1410000000,0.008993968,1,38,11,101.2,99,58.48,18.8,1,20,24
Soviet Union,1986,1,10,2,1,14,7,0,1,1,0,1,5,1,3,2,0,2,0,0,1,0,2,1,0,0,0,0,0,0,1,1,0,1,3,0,3,1,0,1,0,0,1,0,1,0,0,0,0,0,0,0,0,0,2,0,1,0,155000000,2.75E+11,3900000,2607772000,277334000,112227000,0.170436,8649538,1,1,0,0,NA,54111100000,44125400000,0,0,1,3.03E+11,0.013789202,1,19.1,10.7,88.4,26,67.9,30,0,10,24
Austria,1990,1,9,2,1,0,0,0,0,0,0,0,0,0,0,0,0,0,0,0,0,0,0,0,0,0,0,0,0,0,0,0,0,0,0,0,0,0,0,0,0,0,0,0,0,0,0,0,0,0,0,0,0,0,0,0,0,0,5004000,1410000000,48000,42998910,7659000,2277000,0.0025935,32377,0,0,0,0,1919,38901800000,32448500000,0,0,0,1680000000,0.00563164,1,12,12,90.4,13,73.14,35.2,1,19,24
Czechoslovakia,1990,1,12,2,1,2,0,0,1,0,0,1,0,1,0,0,0,0,0,0,0,0,0,0,0,0,0,0,0,0,0,0,0,0,0,1,0,0,0,0,0,0,0,0,0,0,0,0,0,0,0,0,0,0,0,0,0,0,15468000,4600000000,175000,218866900,15638000,3195000,0.0081963,54227,1,0,11,0,1918,15530200000,14109400000,0,0,0,946000000,0.009882564,1,13.8,11.7,94.9,13,71.3,33.6,0,6,24
United States,1990,1,11,2,1,7,5,1,1,0,1,0,1,0,2,1,0,1,0,1,1,0,1,1,0,2,2,1,0,2,0,0,0,0,0,0,2,1,0,1,0,1,1,0,0,1,0,1,0,1,0,0,0,0,1,3,1,2,87722000,2.95E+11,2240000,3844484000,247342000,63402000,0.1466928,3794101,0,1,54,NA,1816,4.93E+11,3.64E+11,0,0,0,2.62E+11,0.008352532,0,15,9,94.7,12,74.32,31.4,1,23,24
Netherlands,1994,1,15,2,1,2,2,1,0,0,0,0,0,0,0,0,0,1,0,1,0,0,0,0,0,0,0,0,1,0,0,0,0,0,0,0,0,0,0,1,0,1,0,0,0,0,0,0,0,0,1,0,0,0,2,0,0,0,6000000,7356000000,86000,336833000,15290000,4354000,0.0073805,16039,0,0,24,1,1816,1.13E+11,1.28E+11,0,0,1,8010000000,0.004334045,1,13,8,97.7,7,76.73,34.4,1,7,24
Cameroon,1994,1,6,2,1,0,0,0,0,0,0,0,0,0,0,0,0,0,0,0,1,0,1,0,1,0,0,0,1,0,0,0,0,0,0,0,0,0,0,0,0,0,1,0,1,0,1,0,0,0,1,0,0,3,0,3,0,3,0,134000000,12000,4934369,12483000,1961000,0.0007727,183568,1,0,0,0,1960,881080000,1354070000,0,0,1,202000000,0.001657001,1,43,14,98.7,93,53.24,17.3,0,22,24
Jamaica,1998,1,14,2,1,0,0,0,0,0,0,0,0,0,0,0,0,0,0,0,0,0,0,0,0,0,0,0,0,0,0,0,0,0,0,0,0,0,0,0,0,0,0,0,0,0,0,0,0,0,0,0,0,0,0,0,0,0,0,42000000,3000,2878204,2554000,570000,0.0001814,4244,0,0,33,1,1962,3069440000,1896020000,0,0,0,51000000,0.001171875,0,25,8,97.2,29,70.44,23.2,1,22,32
Togo,2006,1,23,2,1,1,1,1,0,0,0,0,0,0,0,0,0,0,1,0,0,0,0,0,0,0,0,0,0,0,0,0,0,0,0,0,0,0,0,0,0,0,0,0,0,0,0,0,0,0,0,0,0,0,1,0,1,0,0,33000000,8000,2944472,5337000,747000,0.0002855,21925,1,0,14,0,1960,589550000,364110000,0,0,0,42000000,0.001646844,1,36,12,97.9,77,55.2,18,0,30,32
Czechoslovakia,1954,1,7,3,0,0,0,0,0,0,0,0,0,0,0,0,0,0,0,0,0,0,0,0,0,0,0,0,0,0,0,0,0,0,0,0,0,0,0,0,0,0,0,0,0,0,0,0,0,0,0,0,0,0,0,0,0,0,4366000,764401000,250000,36480000,12820000,1781000,0.0108007,54227,1,0,4,0,1918,879200000,993590000,0,0,0,825000000,0.019094172,1,NA,NA,NA,NA,NA,NA,0,14,16
France,1966,1,10,3,0,3,2,0,1,1,0,1,0,0,1,0,1,0,0,0,0,0,0,0,0,0,0,0,0,0,1,1,0,0,0,0,0,0,1,0,0,0,0,0,0,0,0,0,0,0,0,0,1,0,1,0,1,0,19604000,5167691000,585000,159093000,48758000,8820000,0.0277353,260558,0,1,33,1,1816,10286700000,10029400000,0,0,0,5880000000,0.012008557,1,18,11,94.9,25,70.75,32.7,1,13.5,16
Hungary,1966,1,7,3,0,0,0,0,0,0,0,0,0,0,0,0,0,0,0,0,0,0,0,0,0,1,0,0,0,0,0,0,0,0,0,0,0,0,0,0,0,0,0,0,0,0,0,1,0,0,0,0,0,0,0,0,0,0,2520000,280781000,156000,25522000,10153000,2403000,0.0045246,35919,1,0,5,0,1918,1520300000,1509500000,0,0,1,321000000,0.015259709,1,13,10,93.7,43,68.79,33.4,0,6,16
Mexico,1966,1,7,3,0,0,0,0,0,0,0,0,0,0,0,0,0,0,0,0,0,0,0,0,0,0,0,0,0,0,0,0,0,0,0,0,0,0,0,0,0,0,0,0,0,0,0,0,0,0,0,0,0,0,0,0,0,0,2394000,132186000,65000,45230000,43148000,10086000,0.0081468,761606,1,0,19,1,1831,1553000000,1141500000,0,0,1,172000000,0.001723469,1,45,12,99.4,88,58.45,16.7,0,12,16
Uruguay,1970,1,7,3,0,0,0,0,0,0,0,0,0,0,0,0,0,0,0,0,0,0,0,0,0,0,1,0,0,0,0,0,0,0,0,0,0,0,0,0,0,0,0,0,0,0,0,0,1,0,0,0,0,0,0,0,0,0,14000,37200000,17000,2448000,2792000,1179000,0.0006458,68037,0,0,22,1,1882,198740000,200340000,0,0,0,74615000,0.00674237,1,22,10,99.5,48,68.25,29.3,1,4,16
Bulgaria,1974,1,10,3,0,1,1,0,0,1,0,0,0,0,0,1,0,0,0,0,0,0,0,0,0,0,0,0,0,0,0,1,0,0,0,0,0,1,0,0,0,0,0,0,0,0,0,0,0,0,0,0,0,0,0,0,0,0,2246000,1596300000,177000,34567320,8621000,2005000,0.0039842,42823,1,0,11,0,1908,1714590000,1730270000,0,0,1,2140000000,0.020066506,1,16,9,100,31,70.9,33.2,0,12,16
Mexico,1978,1,10,3,0,0,0,0,0,0,0,0,0,0,0,0,0,0,0,0,0,0,0,0,0,0,0,0,0,0,0,0,0,0,0,0,0,0,0,0,0,0,0,0,0,0,0,0,0,0,0,0,0,0,0,0,0,0,5529000,533541000,100000,114168800,62538000,22722000,0.010793,761606,1,0,24,1,1831,5485900000,4170700000,0,0,1,694000000,0.001820471,1,42,9,99.4,69,62.55,16.8,0,16,16
Canada,1986,1,6,3,0,0,0,0,1,0,0,0,0,0,0,0,0,0,0,0,0,0,1,0,1,0,0,1,0,0,0,0,0,0,0,0,0,0,0,0,0,0,0,0,1,0,1,0,0,1,0,0,0,0,0,1,0,1,13459000,6809000000,83000,418920900,25843000,8144000,0.0114103,3854085,0,0,17,1,1920,86540300000,90781700000,0,0,0,7960000000,0.003251418,0,15,7,98.6,9,75.83,31,1,24,24
South Africa,1998,1,13,3,0,1,0,0,0,0,0,0,0,1,0,0,0,0,0,0,0,0,0,0,0,0,0,0,0,0,0,0,0,0,0,1,0,0,0,0,0,0,0,0,0,0,0,0,0,0,0,0,0,0,0,0,0,0,8311000,2517000000,75000,224065500,43336000,11997000,0.0068931,471443,0,0,1,0,1920,-9000000,-9000000,0,0,0,1760000000,0.001704261,1,27,8,97.1,51,61.21,21.7,1,24,32
United States,2002,1,17,3,0,12,5,1,0,1,0,3,1,3,1,0,2,1,0,1,0,1,2,2,2,1,1,1,0,1,0,0,0,2,1,2,1,0,1,1,0,1,0,0,1,0,2,1,1,1,0,1,1,0,2,4,1,2,90104000,3.22E+11,1368000,5224415000,285112000,76419000,0.1420117,3794101,0,1,59,NA,1816,1.18E+12,7.31E+11,0,0,1,4.05E+11,0.0049131,0,14,9,96.3,7,76.45,35.3,1,8,32
Ghana,2010,1,13,3,0,0,0,0,0,0,0,0,0,0,0,0,0,0,0,0,0,0,0,0,0,0,0,0,0,0,0,0,0,0,0,0,0,0,0,0,0,0,0,0,0,0,0,0,0,0,0,0,0,0,0,0,0,0,25000,83000000,7000,12763650,21844000,4342000,0.0010319,92099,0,0,14,0,1957,10227400000,3511690000,0,0,1,NA,NA,1,34,10,103.3,62,59.45,19.1,1,7,32
Sweden,1934,1,4,4,0,0,0,0,0,0,0,0,0,0,0,0,0,0,0,0,0,0,0,0,0,0,0,0,0,0,0,0,0,0,0,0,0,0,0,0,0,0,0,0,0,0,0,0,0,0,0,0,0,0,0,0,0,0,630000,23003000,34000,8115000,6201000,891000,0.0056095,173745,NA,0,0,0,1816,241430000,237640000,0,0,0,32589000,0.006247997,1,NA,NA,NA,NA,NA,NA,1,8,16
Belgium,1954,1,7,4,0,0,0,0,0,0,0,0,0,0,0,0,0,0,0,0,0,0,0,0,0,0,0,0,1,0,0,0,0,0,0,0,0,0,0,0,0,0,0,0,0,0,0,0,0,0,0,0,0,0,0,0,0,0,4497000,392921000,86000,32263000,8778000,874000,0.0079596,11787,0,0,17,1,1830,2310557000,2145455000,0,0,0,341000000,0.01059991,1,NA,NA,NA,NA,NA,NA,1,12,16
France,1954,1,8,4,0,2,0,0,0,1,0,1,0,1,0,0,0,0,0,0,0,0,0,0,0,0,1,0,1,0,0,0,0,0,0,0,0,0,0,0,0,0,0,0,0,0,0,0,1,0,1,0,0,0,0,0,0,0,9997000,3490000000,699000,92209000,42652000,7125000,0.0317597,260558,0,1,18,1,1816,3567100000,3267300000,0,0,0,2950000000,0.018467348,1,NA,NA,NA,NA,NA,NA,1,11,16
Yugoslavia,1954,1,8,4,0,3,2,1,0,0,1,0,0,0,0,0,0,1,0,1,1,0,0,0,1,0,0,0,0,0,0,0,1,0,0,0,0,0,0,0,0,1,0,0,0,0,1,0,0,0,0,0,1,0,1,2,1,1,515000,558000000,367000,7226000,17048000,1331000,0.0065921,98776,1,0,2,0,1878,392000000,184300000,0,0,1,531000000,0.021119927,1,NA,NA,NA,NA,NA,NA,0,8,16
Brazil,1954,1,8,4,0,0,0,0,0,0,0,0,0,0,0,0,0,0,0,0,0,0,0,0,0,0,0,0,0,0,0,0,0,0,0,0,0,0,0,0,0,0,0,0,0,0,0,0,0,0,0,0,0,0,0,0,0,0,1016000,603632000,231000,2367000,57164000,8391000,0.0122666,3287597,0,0,20,1,1822,1447820000,1536100000,0,0,1,234000000,0.001764512,1,NA,NA,NA,NA,NA,NA,1,6,16
Mexico,1954,1,8,4,0,0,0,0,0,0,0,0,0,0,0,0,0,0,0,0,0,0,0,0,0,1,0,0,0,0,0,0,0,0,0,0,0,0,0,0,0,0,0,0,0,0,0,1,0,0,0,0,0,0,0,0,0,0,462000,55376000,56000,19542000,29814000,4377000,0.0065432,761606,1,0,20,1,1831,803400000,494000000,0,0,1,42674000,0.001515678,1,NA,NA,NA,NA,NA,NA,0,13,16
Soviet Union,1962,1,8,4,0,16,10,3,0,3,0,1,2,3,3,0,0,4,2,1,3,1,2,3,1,5,1,2,0,1,0,2,0,0,1,2,3,0,0,2,1,0,2,0,1,3,1,5,0,2,0,0,0,1,3,7,0,4,70756000,43662960000,3000000,660194000,218145000,53420000,0.173759,8649538,1,1,0,0,NA,179300000,210700000,0,0,1,47000000000,0.013818353,1,25.3,7.6,82.5,44,67.4,26.9,0,6,16
Britain,1962,1,7,4,0,3,1,1,2,0,0,0,0,2,0,0,0,0,0,1,0,0,0,0,0,0,0,0,1,0,0,0,0,0,0,2,0,0,0,0,0,0,0,0,0,0,0,0,0,0,1,0,0,0,0,0,0,0,22441000,4791138000,475000,241081000,52807000,18648000,0.0400909,94060,0,1,34,1,1816,12277300000,10797000000,0,0,1,5240000000,0.008391608,1,17,12,93.4,24,70.54,35.5,1,8,16
Uruguay,1966,1,8,4,0,0,0,0,0,0,0,0,0,0,0,0,0,0,0,0,0,0,0,0,0,0,0,0,0,0,0,0,0,0,0,0,0,0,0,0,0,0,0,0,0,0,0,0,0,0,0,0,0,0,0,0,0,0,13000,48128000,13000,215000,2693000,1161000,0.0006463,68037,0,0,19,1,1882,149900000,191300000,0,0,1,43307000,0.005096469,1,22,10,99.5,48,68.25,29.3,1,7,16
Argentina,1966,1,7,4,0,2,2,0,1,0,0,0,0,0,0,1,0,1,0,0,0,0,0,0,1,0,1,0,0,0,1,0,0,0,0,0,0,1,0,1,0,0,0,0,0,0,1,0,1,0,0,0,0,0,1,1,1,0,1371000,428781000,155000,30656000,22283000,9079000,0.006999,1073518,0,0,19,1,1841,1178700000,1491900000,0,0,1,342000000,0.006976541,1,23,9,101.8,60,65.23,27.2,0,5,16
Brazil,1970,1,12,4,0,1,1,0,0,0,0,0,0,0,0,0,1,0,0,0,0,0,0,0,0,0,0,0,0,0,0,0,0,0,0,0,0,0,1,0,0,0,0,0,0,0,0,0,0,0,0,0,0,0,1,0,0,0,4925000,911700000,360000,42321000,93497000,32355000,0.0184021,3287597,1,0,22,1,1822,2489160000,2310540000,0,0,1,764000000,0.003817726,1,42,13,99.6,109,55.66,18.2,0,1,16
Italy,1974,1,10,4,0,0,0,0,0,0,0,0,0,0,0,0,0,0,0,0,0,0,0,0,0,0,0,0,0,0,0,0,0,0,0,0,0,0,0,0,0,0,0,0,0,0,0,0,0,0,0,0,0,0,0,0,0,0,20995000,4102916000,548000,246017300,54751000,15935000,0.0209105,116346,0,0,20,1,1816,27810100000,22215400000,0,0,1,4750000000,0.008279071,1,18,10,94.6,33,70.83,33,1,10,16
Iran,1978,1,14,4,0,2,1,0,0,0,1,0,0,0,0,0,0,1,0,0,1,0,1,1,0,1,0,3,0,1,0,0,1,0,0,0,0,0,0,0,0,0,0,0,0,1,0,1,0,2,0,1,0,1,0,2,0,1,1000000,7972585000,350000,129544900,35025000,11064000,0.0109159,636372,1,0,5,1,1855,14641600000,24260000000,0,0,0,5460000000,0.010974771,1,41,14,107.3,116,52.63,18.1,0,14,16
Italy,1982,1,12,4,0,1,1,0,0,0,0,0,0,0,0,0,1,0,0,0,0,0,0,0,0,0,0,0,0,0,0,0,0,0,0,0,0,0,0,0,0,0,0,0,0,0,0,0,0,0,0,0,0,0,0,0,0,0,24778000,8024579000,505000,211311900,56508000,15874000,0.0186415,116346,0,0,22,1,1816,91102300000,75286700000,0,0,1,9610000000,0.008762052,1,13,10,94.2,18,73.44,34.2,1,1,24
Poland,1982,1,8,4,0,0,0,0,0,0,0,0,0,0,0,0,0,0,0,0,0,0,0,0,0,0,0,0,0,0,0,0,0,0,0,0,0,0,0,0,0,0,0,0,0,0,0,0,0,0,0,0,0,0,0,0,0,0,15719000,10345629000,414000,240553900,35902000,10500000,0.015251,120696,1,0,11,0,1918,17023000000,13267100000,0,0,1,12300000000,0.011648574,1,19,9,95,23,70.65,29.5,0,3,24
Chile,1982,1,7,4,0,4,2,1,0,1,1,1,0,0,0,0,0,1,1,0,0,0,0,0,0,0,0,0,0,0,0,0,0,1,0,0,0,0,0,1,1,0,0,0,0,0,0,0,0,0,0,0,0,0,2,0,0,0,644000,2103330000,116000,20001520,11327000,5929000,0.0030867,291930,1,0,29,1,1839,6370800000,3952000000,0,0,0,1650000000,0.010753606,1,23,7,97.3,45,67.36,22.6,0,22,24
Ireland,1990,1,12,4,0,1,0,0,0,1,0,1,0,0,0,0,0,0,0,0,0,0,0,0,0,0,0,0,0,0,0,1,0,1,0,0,0,0,0,0,0,0,0,0,0,0,0,0,0,0,0,0,0,0,0,0,0,0,324000,375760000,13000,12131880,3515000,616000,0.0005322,32595,0,0,0,0,1922,17524700000,20871700000,0,0,0,513000000,0.003686897,0,19,9,100,10,73.09,27.3,1,8,24
Russia,1994,1,12,4,0,6,6,6,0,0,0,0,0,0,0,0,0,0,5,1,2,1,1,0,1,1,2,1,0,3,0,0,0,0,0,0,0,0,0,0,2,0,1,0,0,0,0,0,0,1,0,2,3,0,3,1,3,1,54000000,29120000000,1500000,1690865000,148146000,67957000,0.0560256,6592800,1,1,21,0,1816,26751900000,44047200000,0,0,1,82000000000,0.009473926,1,16,11,87.9,24,69.11,33.3,0,18,24
Cameroon,1998,1,14,4,0,3,2,0,0,0,0,0,1,0,1,0,1,0,0,0,1,0,0,0,0,0,0,0,0,0,0,0,0,0,1,0,1,0,1,0,0,0,1,0,0,0,0,0,0,0,0,0,1,0,1,1,1,1,0,240000000,13000,5951673,13937000,2316000,0.0008166,183568,1,0,0,0,1960,1360240000,1858090000,0,0,1,154000000,0.001020894,1,41,14,98.9,94,52.85,17.6,0,25,32
South Africa,2002,1,16,4,0,0,0,0,0,0,0,0,0,0,0,0,0,0,0,0,0,0,0,0,0,0,0,0,0,0,0,0,0,0,0,0,0,0,0,0,0,0,0,0,0,0,0,0,0,0,0,0,0,0,0,0,0,0,8821000,1829000000,62000,265245700,44929000,13328000,0.0067715,471443,0,0,1,0,1920,27760000000,29510300000,0,0,1,2710000000,0.001211964,1,25,10,96.9,56,57.66,22.9,1,17,32
Cameroon,2010,1,13,4,0,1,0,0,0,0,1,0,0,0,0,0,0,0,0,0,0,0,0,0,0,0,0,0,0,0,0,0,1,0,0,0,0,0,0,0,0,0,0,0,0,0,0,0,0,0,0,0,0,0,0,0,0,0,0,257000000,23000,11498010,18238000,3287000,0.0010084,183569,1,0,10,0,1960,3930790000,3796150000,0,0,0,NA,NA,1,38,15,99.1,97,49.53,18.2,0,31,32
Ivory Coast,2010,1,16,4,0,0,0,0,0,1,0,0,0,0,0,0,0,0,0,0,0,0,0,0,0,0,0,0,0,0,0,1,0,0,0,0,0,0,0,0,0,0,0,0,0,0,0,0,0,0,0,0,0,0,0,0,0,0,0,266000000,17000,19090220,19658000,4851000,0.0011565,124502,0,0,14,0,1960,7004120000,10305900000,0,0,1,NA,NA,1,37,14,106.2,85,50.5,18.7,0,17,32
Hungary,1962,1,7,5,0,0,0,0,0,0,0,0,0,0,0,0,0,0,0,0,0,0,0,0,0,0,0,0,0,0,0,0,0,0,0,0,0,0,0,0,0,0,0,0,0,0,0,0,0,0,0,0,0,0,0,0,0,0,2053000,203090000,115000,20094000,10029000,1979000,0.0042928,35919,1,0,5,0,1918,270100000,220180000,0,0,1,351000000,0.01545932,1,17,10,93.2,55,66.91,32.1,0,5,16
Netherlands,1978,1,11,5,0,0,0,0,0,0,0,0,0,0,0,0,0,0,0,0,0,0,0,0,1,0,0,0,0,0,0,0,0,0,0,0,0,0,0,0,0,0,0,0,0,0,0,0,0,0,0,0,0,0,0,0,0,0,4927000,3704519000,103000,151460800,13853000,3774000,0.0067954,16039,0,0,20,1,1816,46574000000,43741100000,0,0,1,5050000000,0.007626515,1,15,8,99.2,11,74.11,29.4,1,2,16
Tunisia,2002,1,20,5,0,0,0,0,0,0,0,0,0,0,0,0,0,0,0,0,0,0,0,0,0,0,0,0,0,0,0,0,0,0,0,0,0,0,0,0,0,0,0,0,0,0,0,0,0,0,0,0,0,0,0,0,0,0,239000,377000000,35000,9695665,9674000,1511000,0.0008656,63107,1,0,39,0,1825,9570320000,6608980000,0,0,1,410000000,0.003556911,1,18,6,101,27,71.98,24.7,0,29,32
Ghana,2006,1,21,5,0,0,0,0,0,0,0,0,0,0,0,0,0,0,0,0,0,0,0,0,0,0,0,0,0,0,0,0,0,0,0,0,0,0,0,0,0,0,0,0,0,0,0,0,0,0,0,0,0,0,0,0,0,0,25000,76000000,7000,12853280,21343000,4192000,0.0010248,92099,0,0,14,0,1957,5903110000,2363930000,0,0,0,104000000,0.000626538,1,34,10,103.3,62,59.45,19.1,1,13,32
DRC,1974,1,8,6,0,0,0,0,0,0,0,0,0,0,0,0,0,0,0,0,0,0,0,0,0,0,0,0,0,0,0,0,0,0,0,0,0,0,0,0,0,0,0,0,0,0,0,0,0,0,0,0,0,0,0,0,0,0,0,83600000,65000,8992141,23508000,4414000,0.0026174,905355,1,0,2,0,1960,781900000,1000800000,0,0,0,148000000,0.002435568,1,48,21,94.1,143,42.99,17.8,0,16,16
Brazil,1982,1,8,6,0,0,0,0,0,0,0,0,0,0,0,0,0,0,0,0,0,0,1,0,0,0,0,0,0,0,0,0,0,0,0,0,0,0,0,0,0,0,0,0,1,0,0,0,0,0,0,0,0,0,0,1,0,0,13226000,1559003000,450000,192734500,121213000,53081000,0.0225255,3287597,0,0,28,1,1822,26482300000,23328800000,0,0,1,1310000000,0.003634266,1,33,9,99.6,79,61.49,20.4,0,5,24
West Germany,1990,1,9,6,0,0,0,0,0,0,0,0,0,0,0,0,0,0,0,0,0,0,0,0,0,0,0,0,0,0,0,0,0,0,0,0,0,0,0,0,0,0,0,0,0,0,0,0,0,0,0,0,0,0,0,0,0,0,41076000,27460000000,503000,673320100,62062000,20744000,0.028475,95976,0,0,23,1,1955,2.70E+11,3.41E+11,0,0,1,32300000000,0.005713643,1,9.9,11.6,91.6,11,73.9,37.5,1,1,24
Tunisia,1998,1,16,6,0,0,0,0,0,0,0,0,0,0,0,0,0,0,0,0,0,0,0,0,0,0,0,0,0,0,0,0,0,0,0,0,0,0,0,0,0,0,0,0,0,0,0,0,0,0,0,0,0,0,0,0,0,0,195000,334000000,35000,7581909,9215000,1394000,0.0008283,63170,1,0,39,0,1825,8934870000,5762750000,0,0,0,348000000,0.003699789,1,24,6,101.1,34,70.11,22.8,0,26,32
Cameroon,2002,1,19,6,0,1,0,0,1,0,0,0,1,0,0,0,0,0,0,0,0,0,0,0,0,0,1,0,0,0,1,0,0,0,1,0,0,0,0,0,0,0,0,0,0,0,0,0,1,0,0,0,0,0,0,0,0,0,0,120000000,22000,7523298,15731000,2714000,0.0009152,183569,1,0,10,0,1960,1850880000,1748750000,0,0,1,258000000,0.001383375,1,38,15,99.1,96,51.01,18.2,0,20,32
Morocco,1998,1,16,9,0,0,0,0,0,0,0,0,0,0,0,0,0,0,0,0,0,0,0,0,1,0,0,0,0,1,0,0,0,0,0,0,0,0,0,0,0,0,0,0,0,0,0,0,0,0,0,1,0,0,0,0,0,0,5000,1386000000,195000,14002040,27310000,10833000,0.0036957,172487,1,0,39,0,1847,8946330000,5127330000,0,0,1,1760000000,0.006997524,1,27,7,99,63,65.45,20.9,0,18,32
Ireland,1934,0,1,0,0,0,0,0,0,0,0,0,0,0,0,0,0,0,0,0,0,0,0,0,0,0,0,0,0,0,0,0,0,0,0,0,0,0,0,0,0,0,0,0,0,0,0,0,0,0,0,0,0,0,0,0,0,0,0,4034000,6000,2325000,2962000,459000,0.0013001,32595,NA,0,0,0,1922,121000000,63860000,0,0,0,6429000,0.002019522,0,NA,NA,NA,NA,NA,NA,1,NA,NA
Poland,1958,0,6,0,1,0,0,0,0,0,0,0,0,0,0,0,0,0,0,0,0,0,0,0,0,0,0,0,0,0,0,0,0,0,0,0,0,0,0,0,0,0,0,0,0,0,0,0,0,0,0,0,0,0,0,0,0,0,5304000,646400000,300000,67964000,28310000,5424000,0.013803,120696,1,0,11,0,1918,1377310000,975700000,0,0,0,915000000,0.006839945,1,30,11,92.7,95,61.31,26.1,0,NA,NA
Sweden,1962,0,6,0,1,0,0,0,0,0,0,0,0,0,0,0,0,0,0,0,0,0,0,0,0,0,0,0,0,0,0,0,0,0,0,0,0,0,0,0,0,0,0,0,0,0,0,0,0,0,0,0,0,0,0,0,0,0,3530000,599807000,80000,5429000,7520000,1721000,0.0043864,173745,0,0,0,0,1816,2894800000,2733800000,0,0,1,740000000,0.009205681,1,14,10,99.5,17,72.85,36.2,1,NA,NA
France,1962,0,6,0,1,6,4,1,0,0,1,0,1,0,1,0,1,1,0,1,0,0,1,0,1,0,0,0,0,0,0,0,1,0,1,0,1,0,1,1,0,0,0,0,0,0,1,0,0,0,0,0,1,1,2,1,2,1,17570000,4128544000,720000,123162000,46163000,8233000,0.0303877,260558,0,1,33,1,1816,6609400000,7209100000,0,0,1,4670000000,0.015371424,1,18,12,94.2,32,69.4,33,1,NA,NA
Belgium,1966,0,6,0,1,0,0,0,0,1,0,0,0,0,0,0,0,0,0,0,0,0,0,0,0,0,0,0,0,0,0,1,0,0,0,0,0,0,0,0,0,0,0,0,0,0,0,0,0,0,0,0,0,0,0,0,0,0,9229000,504453000,115000,45629000,9464000,894000,0.0070624,11787,0,0,20,1,1830,6055242000,6063241000,0,0,0,568000000,0.012002922,1,17,13,96.4,27,70.06,34.8,1,NA,NA
Ecuador,1966,0,5,0,1,1,1,0,0,0,0,0,0,0,1,0,0,0,0,0,0,0,1,0,0,0,0,0,0,0,0,0,0,0,0,0,1,0,0,0,0,0,0,0,1,0,0,0,0,0,0,0,0,0,0,1,0,0,0,23542000,14000,1077000,5144000,958000,0.0007151,106889,1,0,20,1,1854,165410000,131970000,0,0,0,25083000,0.002747253,1,44,15,100.4,119,54.72,17.9,0,NA,NA
Hungary,1970,0,9,0,1,1,1,0,0,0,0,0,0,0,0,0,0,1,0,0,0,0,0,1,0,0,0,0,0,0,0,0,0,0,0,0,0,0,0,1,0,0,0,0,0,0,0,0,0,0,0,0,0,0,1,0,0,0,3033000,947858000,146000,27398000,10303000,2616000,0.0044448,35919,1,0,6,0,1918,1878390000,1553320000,0,0,1,1250000000,0.014085866,1,13,10,93.7,43,68.79,33.4,0,NA,NA
Austria,1974,0,8,0,1,0,0,0,0,0,0,0,0,0,0,0,0,0,0,0,0,0,0,0,0,0,0,0,0,0,0,0,0,0,0,0,0,0,0,0,0,0,0,0,0,0,0,0,0,0,0,0,0,0,0,0,0,0,4238000,271910000,60000,30178960,7586000,2318000,0.0029057,32377,0,0,0,0,1919,7109800000,5278000000,0,0,0,456000000,0.006597176,1,17,13,89.1,26,70.11,33.9,1,NA,NA
Belgium,1974,0,10,0,1,0,0,0,0,0,0,0,0,0,0,0,0,0,0,0,0,0,0,0,0,0,0,0,0,0,0,0,0,0,0,0,0,0,0,0,0,0,0,0,0,0,0,0,0,0,0,0,0,0,0,0,0,0,15523000,1296483000,107000,87279040,9738000,1012000,0.0072465,11787,0,0,20,1,1830,20962250000,21318550000,0,0,1,1930000000,0.010515569,1,16,13,95.9,21,70.68,34.6,1,NA,NA
Colombia,1974,0,5,0,1,0,0,0,0,0,0,0,0,0,0,0,0,0,0,0,0,0,0,0,0,0,0,0,0,0,0,0,0,0,0,0,0,0,0,0,0,0,0,0,0,0,0,0,0,0,0,0,0,0,0,0,0,0,263000,104878000,50000,26168450,22343000,8127000,0.0036576,440831,0,0,23,1,1831,1062360000,1173520000,0,0,0,130000000,0.002127479,1,41,10,99.2,82,60.04,16.9,1,NA,NA
Spain,1974,0,6,0,1,1,0,0,0,0,1,0,0,0,0,0,0,0,0,0,0,0,1,0,0,0,0,0,0,0,0,0,0,0,0,0,0,0,0,0,0,0,0,0,1,0,0,0,0,0,0,0,0,0,0,0,0,0,10809000,1158033000,365000,92366570,34858000,11703000,0.0112698,195364,1,0,2,1,1816,9590720000,5158340000,0,0,0,1800000000,0.010534892,1,20,9,95.2,34,71.22,30.2,0,NA,NA
Britain,1978,0,10,0,1,0,0,0,1,0,0,0,0,0,0,0,0,0,0,0,0,0,0,0,1,0,0,0,0,1,0,0,0,0,0,0,0,0,0,0,0,0,0,0,0,0,0,0,0,0,0,0,0,0,0,0,0,0,20411000,11886891000,326000,357600800,56190000,34921000,0.0258769,94060,0,1,30,1,1816,63196500000,55864600000,0,0,0,19200000000,0.005761024,1,14,12,94.7,17,72.15,33.9,1,NA,NA
Ireland,1982,0,10,0,1,0,0,0,0,0,0,0,0,0,0,0,0,0,0,0,0,0,0,0,0,1,0,1,0,0,0,0,0,0,0,0,0,0,0,0,0,0,0,0,0,0,0,1,0,1,0,0,0,0,0,0,0,0,32000,265172000,19000,7252560,3440000,661000,0.0005307,32595,0,0,0,0,1922,10600500000,7682790000,0,0,0,304000000,0.005136986,0,21,10,100.9,15,71.93,26.6,1,NA,NA
China,1982,0,7,0,1,4,1,0,0,1,0,1,2,0,1,0,0,0,0,0,0,0,0,0,0,0,1,0,0,2,0,1,0,1,2,0,1,0,0,0,0,0,0,0,0,0,0,0,1,0,0,2,0,0,0,0,0,0,35600000,30500000000,4750000,830819300,1012409000,143320000,0.1185188,3704427,1,1,1,0,1860,21630500000,21476200000,0,0,0,34500000000,0.003942308,1,22,7,106.6,42,66.28,22.4,0,NA,NA
Denmark,1994,0,18,0,1,1,1,0,0,0,0,0,0,0,0,0,0,1,0,0,0,0,0,0,0,0,0,0,1,0,0,0,0,0,0,0,0,0,0,1,0,0,0,0,0,0,0,0,0,0,1,0,0,0,0,0,0,0,603000,2682000000,27000,60047130,5189000,1222000,0.0017315,16639,0,0,15,1,1816,29508300000,35918200000,0,0,0,3120000000,0.005164499,1,11,12,97.2,8,74.71,37.1,1,NA,NA
Ivory Coast,1994,0,5,0,1,0,0,0,0,0,0,0,0,0,0,0,0,0,0,0,0,0,0,0,0,0,0,0,0,0,0,0,0,0,0,0,0,0,0,0,0,0,0,0,0,0,0,0,0,0,0,0,0,0,0,0,0,0,0,126000000,15000,7387025,13175000,3135000,0.0009764,124502,1,0,15,0,1960,2087990000,2663000000,0,0,0,98000000,0.001054111,1,43,13,108,93,52.94,17.4,0,NA,NA
Japan,1994,0,6,0,1,0,0,0,0,0,0,0,0,0,0,0,0,0,0,0,0,0,0,0,0,1,0,0,0,0,0,0,0,0,0,0,0,0,0,0,0,0,0,0,0,0,0,0,0,0,0,0,0,0,0,0,0,0,99600000,41730000000,242000,1543621000,124829000,74091000,0.0594964,145925,0,1,1,1,1860,2.42E+11,3.63E+11,0,0,0,50200000000,0.001912777,0,11,6,96.2,5,78.51,37.4,1,NA,NA
Peru,1998,0,25,0,1,1,1,0,1,0,0,0,0,0,0,1,0,0,0,0,0,0,0,0,0,0,0,0,0,0,0,0,0,0,0,0,0,1,0,0,0,0,0,0,0,0,0,0,0,0,0,0,0,0,1,0,1,0,607000,1276000000,115000,19282670,24371000,11882000,0.0032567,496225,1,0,33,1,1839,9011370000,6706680000,0,0,0,888000000,0.004558066,1,28,7,100.7,48,66.72,21.7,0,NA,NA
Morocco,2002,0,15,0,1,1,1,0,0,0,0,0,0,0,0,0,1,0,0,0,0,1,0,0,0,0,0,0,0,0,0,0,0,0,0,0,0,0,0,0,0,0,0,1,0,0,0,0,0,0,0,0,0,0,0,1,0,0,5000,1315000000,198000,26978000,29170000,13246000,0.0039829,172487,1,0,39,0,1847,11471100000,7232760000,0,0,1,1830000000,0.006514225,1,23,6,98.1,51,67.66,22.6,0,NA,NA
Nigeria,2006,0,21,0,1,0,0,0,1,0,0,0,0,0,0,0,0,0,0,0,0,0,0,0,0,0,0,0,0,0,1,0,0,0,0,0,0,0,0,0,0,0,0,0,0,0,0,0,0,0,0,0,0,0,0,0,0,0,100000,854000000,78000,207734300,133767000,27176000,0.0075787,356667,0,0,14,0,1960,24482700000,43478000000,0,0,1,980000000,0.000594609,1,41,17,101.9,107,47.75,18.1,0,NA,NA
Egypt,2010,0,13,0,1,1,0,0,0,0,0,0,1,0,0,0,0,0,0,0,0,0,0,0,0,0,0,0,0,0,0,0,0,0,0,0,0,0,0,0,0,0,0,0,0,0,0,0,0,0,0,0,0,0,0,0,0,0,6045000,4337000000,469000,126815000,75067000,22512000,0.0096774,387048,1,0,2,0,1855,44933600000,23098700000,0,0,0,NA,NA,1,25,6,101.3,33,70.48,21.4,0,NA,NA
Yugoslavia,1934,0,1,-1,0,0,0,0,0,0,0,0,0,0,0,0,0,0,0,0,0,1,0,0,0,0,0,0,0,1,0,0,0,0,0,0,0,0,0,0,0,0,0,0,0,0,0,0,0,0,0,0,0,0,0,0,0,0,90000,24540000,114000,2880000,14369000,577000,0.00641,98766,NA,0,5,0,1878,50750000,59470000,0,0,1,45600000,0.008329383,1,NA,NA,NA,NA,NA,NA,0,NA,NA
Ireland,1950,0,3,-1,0,0,0,0,0,0,0,0,0,0,0,0,0,0,0,0,0,0,0,0,0,0,0,0,0,0,0,0,0,0,0,0,0,0,0,0,0,0,0,0,0,0,0,0,0,0,0,0,0,0,0,0,0,0,16000,18123000,13000,1754000,2981000,515000,0.0009136,32595,0,0,0,0,1922,479900000,219600000,0,0,0,16233000,0.004390409,0,NA,NA,NA,NA,NA,NA,1,NA,NA
Romania,1958,0,5,-1,1,0,0,0,0,1,0,0,0,0,0,0,0,0,0,0,0,0,0,0,0,0,0,0,0,0,0,1,0,0,0,0,0,0,0,0,0,0,0,0,0,0,0,0,0,0,0,0,0,0,0,0,0,0,864000,377883000,194000,30196000,17829000,2452000,0.0062649,92043,1,0,10,0,1878,492000000,411000000,0,0,0,358000000,0.011851202,1,25,12,94.4,101,61.05,27.3,0,NA,NA
Uruguay,1958,0,5,-1,1,0,0,0,0,0,0,0,0,0,0,0,0,0,0,0,0,0,0,0,0,0,0,0,0,0,0,0,0,0,0,0,0,0,0,0,0,0,0,0,0,0,0,0,0,0,0,0,0,0,0,0,0,0,0,33381000,7000,142000,2437000,916000,0.0006602,68037,0,0,20,1,1882,224000000,128100000,0,0,1,34905000,0.002794411,1,21,11,101.2,57,66.04,28.4,1,NA,NA
Greece,1970,0,7,-1,1,0,0,0,0,0,0,0,0,0,0,0,0,0,0,0,0,0,0,0,0,0,0,0,0,1,0,0,0,0,0,0,0,0,0,0,0,0,0,0,0,0,0,0,0,0,0,1,0,0,0,0,0,0,450000,425400000,180000,7985000,8773000,1514000,0.0026686,50944,1,0,16,1,1828,1594130000,553850000,0,0,0,518000000,0.020382743,1,18,8,94.7,50,69.51,30.7,0,NA,NA
Poland,1970,0,8,-1,1,1,1,0,0,1,0,0,0,0,0,0,1,0,0,0,0,0,0,0,0,0,0,0,0,0,0,1,0,0,0,0,0,0,1,0,0,0,0,0,0,0,0,0,0,0,0,0,0,0,1,0,0,0,11291000,2310001000,312000,112381000,32555000,7091000,0.0133812,120696,1,0,11,0,1918,3209800000,3141500000,0,0,0,3860000000,0.009602195,1,19,8,93.3,50,68.29,27.5,0,NA,NA
Bolivia,1970,0,4,-1,1,0,0,0,0,0,0,0,0,0,0,0,0,0,0,0,0,0,0,0,0,0,0,0,0,0,0,0,0,0,0,0,0,0,0,0,0,0,0,0,0,0,0,0,0,0,0,0,0,0,0,0,0,0,0,15825000,20000,3118000,4115000,790000,0.0006236,424163,1,0,24,1,1848,165010000,198190000,0,0,0,15657000,0.003938832,1,46,22,97.7,164,43.43,18.6,0,NA,NA
Nigeria,1970,0,4,-1,1,0,0,0,0,0,0,0,0,0,0,0,0,0,0,0,0,0,0,0,0,0,0,0,0,0,0,0,0,0,0,0,0,0,0,0,0,0,0,0,0,0,0,0,0,0,0,0,0,0,0,0,0,0,0,297676000,110000,5627000,53723000,5750000,0.00511,356667,1,0,0,0,1960,695600000,890700000,1,0,0,209000000,0.005665121,1,46,24,99.6,164,39.44,18.9,0,NA,NA
Romania,1974,0,9,-1,1,0,0,0,0,0,0,0,0,0,0,0,0,0,0,0,0,0,0,0,0,0,0,0,0,0,0,0,0,0,0,0,0,0,0,0,0,0,0,0,0,0,0,0,0,0,0,0,0,0,0,0,0,0,8161000,2316300000,192000,90079450,20828000,3914000,0.0077784,92043,1,0,11,0,1878,3820300000,3696910000,0,0,1,2920000000,0.010355378,1,22,9,96.5,52,66.8,30.9,0,NA,NA
Britain,1974,0,4,-1,1,2,1,0,0,0,1,0,0,0,0,0,1,0,0,0,0,0,0,0,0,0,0,0,0,0,0,0,0,0,0,0,0,0,0,0,0,0,0,0,0,0,0,0,0,0,0,0,0,0,0,0,0,0,26594000,8612065000,377000,374661900,56223000,21322000,0.0270787,94060,0,1,32,1,1816,39370900000,31026600000,0,0,1,11500000000,0.006189307,1,17,12,94.3,19,71.68,34.2,1,NA,NA
East Germany,1978,0,9,-1,1,0,0,0,0,0,0,0,0,0,0,0,0,0,0,0,0,0,0,0,0,0,0,0,0,0,0,0,0,0,0,0,0,0,0,0,0,0,0,0,0,0,0,0,0,0,0,0,0,0,0,0,0,0,6850000,5459300000,226000,177680000,16765000,4217000,0.0093074,41828,1,0,11,0,1954,14251710000,11955710000,0,0,1,6280000000,0.013616005,1,11.8,13.8,86.7,17,71.2,35.3,0,NA,NA
Bulgaria,1978,0,4,-1,1,0,0,0,0,0,0,0,0,0,0,0,0,0,0,0,0,0,0,0,0,0,0,0,0,0,0,0,0,0,0,0,0,0,0,0,0,0,0,0,0,0,0,0,0,0,0,0,0,0,0,0,0,0,2589000,2280000000,186000,41305490,8804000,2118000,0.0040608,42823,1,0,11,0,1908,3673750000,3649690000,0,0,1,2700000000,0.021187401,1,16,10,99.7,26,71.1,34,0,NA,NA
Egypt,1978,0,4,-1,1,4,3,1,0,0,0,1,0,0,0,2,0,0,0,1,1,1,0,0,1,0,0,1,0,0,0,0,0,1,0,0,0,2,0,0,0,1,0,1,0,0,1,0,0,0,0,0,1,0,2,1,2,1,266000,4715062000,350000,25302930,37406000,11854000,0.0082221,387048,1,0,40,0,1855,4815350000,1708350000,0,0,0,1710000000,0.011318748,1,40,15,100.5,138,51.75,18.3,0,NA,NA
Romania,1982,0,8,-1,1,0,0,0,0,0,0,0,0,0,0,0,0,0,0,0,0,0,0,0,0,0,0,0,0,0,0,0,0,0,0,0,0,0,0,0,0,0,0,0,0,0,0,0,0,0,0,0,0,0,0,0,0,0,13005000,4053839000,212000,150420600,22353000,5673000,0.0092532,92043,1,0,11,0,1878,12075900000,11180100000,0,0,0,5160000000,0.01028688,1,19,10,97.4,31,69.46,30.7,0,NA,NA
Mexico,1982,0,5,-1,1,0,0,0,0,0,0,0,0,0,0,0,0,0,0,0,0,0,0,0,0,0,0,0,0,0,0,0,0,0,0,0,0,0,0,0,0,0,0,0,0,0,0,0,0,0,0,0,0,0,0,0,0,0,7448000,777120000,125000,186647500,69192000,27595000,0.0126195,761606,1,0,28,1,1831,24127700000,19380600000,0,0,1,608000000,0.001796722,1,36,7,99.3,57,65.34,17.5,0,NA,NA
Sweden,1986,0,9,-1,1,0,0,0,0,0,0,0,0,0,0,0,0,0,0,0,0,0,0,0,0,0,0,0,0,0,0,0,0,0,0,0,0,0,0,0,0,0,0,0,0,0,0,0,0,0,0,0,0,0,0,0,0,0,4851000,3470000000,69000,110641100,8350000,2111000,0.0039951,173745,0,0,0,0,1816,26365400000,27690900000,0,0,0,4860000000,0.007859014,1,11,11,97.6,7,76.38,37.6,1,NA,NA
East Germany,1986,0,10,-1,1,0,0,0,0,0,0,0,0,0,0,0,0,0,0,0,0,0,0,0,0,0,0,0,0,0,0,0,0,0,0,0,0,0,0,0,0,0,0,0,0,0,0,0,0,0,0,0,0,0,0,0,0,0,7853000,7981000000,242000,295924000,16644000,4445000,0.0091864,41828,1,0,15,0,1954,13749700000,15230800000,0,0,0,11600000000,0.014482303,1,14.1,13.6,89.7,11,72.1,34.7,0,NA,NA
Denmark,1990,0,8,-1,1,0,0,0,0,0,0,0,0,0,0,0,0,0,0,0,0,0,0,0,0,1,0,0,0,0,0,0,0,0,0,0,0,0,0,0,0,0,0,0,0,0,0,1,0,0,0,0,0,0,0,0,0,0,624000,1920000000,31000,51274790,5133000,1189000,0.0015146,16639,0,0,15,1,1816,26297200000,27749800000,0,0,1,1300000000,0.005820722,1,10,11,97.1,8,74.41,36,1,NA,NA
Qatar,1990,0,5,-1,1,1,0,0,0,0,0,0,1,0,0,0,0,0,0,0,0,0,0,0,0,0,0,0,0,0,0,0,0,0,1,0,0,0,0,0,0,0,0,0,0,0,0,0,0,0,0,0,0,0,0,0,0,0,550000,-9000,7000,14833410,456000,316000,0.0004168,4416,1,0,37,0,1971,1330080000,2502510000,0,0,0,934000000,0.021868787,1,33,3,202.9,28,71.93,27,0,NA,NA
Portugal,1994,0,14,-1,1,1,1,0,0,0,0,0,0,0,0,0,0,1,0,0,0,0,0,0,0,0,0,0,1,0,0,0,0,0,0,0,0,0,0,1,0,0,0,0,0,0,0,0,0,0,1,0,0,0,0,0,0,0,775000,2192000000,68000,61922320,9881000,1196000,0.0020992,35603,0,0,25,1,1816,24320100000,15388100000,0,0,0,2670000000,0.007866075,1,12,10,92.9,14,73.84,34.2,1,NA,NA
France,1994,0,13,-1,1,9,6,2,1,0,0,2,0,1,1,1,0,2,1,1,0,1,0,0,0,0,0,0,1,0,1,0,0,2,0,1,0,0,0,1,0,1,0,0,0,0,0,0,0,0,1,0,1,0,3,0,1,0,17112000,37200000000,506000,613522400,57654000,10053000,0.0238955,260558,0,1,27,1,1816,2.03E+11,2.17E+11,0,0,0,47800000000,0.00866888,1,14,10,94.8,8,76.14,34.8,1,NA,NA
Uruguay,1994,0,10,-1,1,0,0,0,0,0,0,0,0,0,0,0,0,0,0,0,0,0,0,0,0,0,0,0,0,0,0,0,0,0,0,0,0,0,0,0,0,0,0,0,0,0,0,0,0,0,0,0,0,0,0,0,0,0,53000,223000000,25000,3126783,3149000,1337000,0.0005218,68037,0,0,33,1,1882,2335410000,1678490000,0,0,1,331000000,0.00784683,1,18,10,94.2,23,72.07,30.8,1,NA,NA
Zambia,1994,0,5,-1,1,0,0,0,0,0,0,0,0,0,0,0,0,0,0,0,0,0,0,0,0,0,0,0,0,0,0,0,0,0,0,0,0,0,0,0,0,0,0,0,0,0,0,0,0,0,0,0,0,0,0,0,0,0,0,54000000,16000,8354586,7723000,2555000,0.0007384,290587,0,0,0,0,1964,701630000,891380000,0,0,0,61000000,0.001979953,1,44,15,98.9,103,49.77,16.9,1,NA,NA
Guinea,1998,0,12,-1,1,2,2,1,0,0,0,0,0,0,0,0,1,0,1,0,0,0,0,1,0,0,1,0,0,0,0,0,0,0,0,0,0,0,1,0,1,0,0,0,0,1,0,0,1,0,0,0,0,0,2,0,0,0,0,51000000,12000,2620648,7614000,819000,0.000418,94926,1,0,17,0,1958,580790000,640060000,0,0,0,60000000,0.001630435,1,46,20,101.8,131,44.8,17.7,0,NA,NA
Liberia,2002,0,15,-1,1,1,1,0,0,0,0,0,0,0,0,0,0,1,0,0,0,1,0,0,0,0,0,0,0,0,0,0,0,0,0,0,0,0,0,1,0,0,0,1,0,0,0,0,0,0,0,0,1,0,0,1,0,1,0,24000000,15000,1574378,3155000,681000,0.0002821,43000,1,0,15,1,1920,4404510000,968250000,0,0,0,45000000,0.004780115,1,44,20,99.7,155,43.41,17.9,0,NA,NA
Cameroon,2006,0,22,-1,1,1,1,1,0,0,0,0,0,0,0,0,0,0,1,0,0,0,0,0,0,0,0,0,0,0,0,0,0,0,0,0,0,0,0,0,1,0,0,0,0,0,0,0,0,0,0,0,1,0,1,0,1,0,0,222000000,23000,11747130,17823000,3169000,0.0010018,183569,1,0,10,0,1960,2534720000,3624930000,0,0,1,297000000,0.000750268,1,38,15,99.1,97,49.53,18.2,0,NA,NA
Morocco,2006,0,20,-1,1,1,0,0,1,0,0,0,0,1,0,0,0,0,0,0,0,0,0,0,0,0,0,0,0,0,0,0,0,0,0,1,0,0,0,0,0,0,0,0,0,0,0,0,0,0,0,0,0,0,0,0,0,0,205000,2054000000,200000,29231790,30172000,16940000,0.0042748,172487,1,0,37,0,1847,20336200000,10643000000,0,0,0,2410000000,0.006517298,1,21,6,98.1,41,69.61,22.6,0,NA,NA
Tunisia,2010,0,11,-1,1,0,0,0,0,0,0,0,0,0,0,0,0,0,0,0,0,0,0,0,0,0,0,0,0,0,0,0,0,0,0,0,0,0,0,0,0,0,0,0,0,0,0,0,0,0,0,0,0,0,0,0,0,0,160000,502000000,35000,11004840,10128000,1629000,0.0008303,63170,1,0,37,0,1825,19162200000,13969400000,0,0,1,NA,NA,1,17,6,101,23,73.02,24.7,0,NA,NA
Bulgaria,1934,0,0,-2,0,2,1,0,0,0,1,0,0,0,1,0,0,0,0,0,0,0,0,0,0,0,0,0,0,0,0,0,0,0,0,0,0,0,0,0,0,0,0,0,0,0,0,0,0,0,0,0,0,0,0,0,0,0,0,5435000,20000,664000,5960000,268000,0.0016856,42823,NA,0,1,0,1908,28570000,28570000,0,0,0,12252000,0.003278689,1,NA,NA,NA,NA,NA,NA,0,NA,NA
Luxembourg,1934,0,0,-2,0,0,0,0,0,0,0,0,0,0,0,0,0,0,0,0,0,0,0,0,0,0,0,0,0,0,0,0,0,0,0,0,0,0,0,0,0,0,0,0,0,0,0,0,0,0,0,0,0,0,0,0,0,0,1845000,227000,0,1078000,302000,0,0.0048368,999,NA,0,0,0,1920,46450000,43770000,0,0,0,388000,0,1,NA,NA,NA,NA,NA,NA,1,NA,NA
Estonia,1938,0,2,-2,0,0,0,0,0,0,0,0,0,0,0,0,0,0,0,0,0,0,0,2,0,0,0,0,0,0,0,0,0,0,0,0,0,0,0,0,0,0,0,0,0,2,0,0,0,0,0,0,0,0,0,2,0,1,0,5825000,12000,857000,1135000,145000,0.0006107,17413,NA,0,4,0,1918,30230000,28850000,0,0,0,5123000,0.013146363,0,NA,NA,NA,NA,NA,NA,0,NA,NA
Cuba,1950,0,1,-2,0,0,0,0,0,0,0,0,0,0,0,0,0,0,0,0,0,0,0,0,0,0,0,0,0,0,0,0,0,0,0,0,0,0,0,0,0,0,0,0,0,0,0,0,0,0,0,0,0,0,0,0,0,0,0,-9000,19000,98000,5399000,1337000,0.0017947,42426,0,0,20,1,1902,493790000,575900000,0,0,1,-9000,0.003547357,0,NA,NA,NA,NA,NA,NA,0,NA,NA
Ireland,1958,0,5,-2,1,0,0,0,0,0,0,0,0,0,0,0,0,0,0,0,0,0,0,0,0,0,0,0,0,0,0,0,0,0,0,0,0,0,0,0,0,0,0,0,0,0,0,0,0,0,0,0,0,0,0,0,0,0,22000,22556000,13000,2553000,2885000,559000,0.0006928,32595,0,0,0,0,1922,513300000,365100000,0,0,0,24096000,0.004567814,0,22,13,102.6,41,66.68,30.2,1,NA,NA
Belgium,1958,0,5,-2,1,0,0,0,0,0,0,0,0,0,0,0,0,0,0,0,1,0,0,0,0,1,0,0,0,0,0,0,0,0,0,0,0,0,0,0,0,0,0,0,0,0,0,1,0,0,0,0,0,0,0,0,0,0,6233000,365511000,101000,38420000,8989000,866000,0.0077318,11787,0,0,20,1,1830,3263191000,3016104000,0,0,1,375000000,0.011862917,1,17,12,96.7,42,68.37,34.7,1,NA,NA
Bulgaria,1958,0,4,-2,1,1,1,0,0,2,0,0,0,0,0,1,0,0,0,0,0,0,0,0,0,0,0,0,0,0,0,2,0,0,0,0,0,1,0,0,0,0,0,0,0,0,0,0,0,0,0,0,0,0,1,0,1,0,159000,125817000,192000,5689000,7651000,890000,0.0029972,42823,1,0,10,0,1908,298000000,433000000,0,0,0,141000000,0.018338035,1,21,10,99.4,92,61.95,28.9,0,NA,NA
Netherlands,1958,0,5,-2,1,0,0,0,0,0,0,0,0,0,0,0,0,0,0,0,0,0,0,0,0,0,0,0,0,0,0,0,0,0,0,0,0,0,0,0,0,0,0,0,0,0,0,0,0,0,0,0,0,0,0,0,0,0,1185000,481723000,173000,39912000,11021000,3681000,0.0069896,16039,0,0,20,1,1816,4076200000,3038100000,0,0,0,399000000,0.013925613,1,22,8,99.3,23,71.93,28.6,1,NA,NA
Bolivia,1958,0,4,-2,1,0,0,0,0,0,0,0,0,0,0,0,0,0,0,0,0,0,0,0,0,0,0,0,1,0,0,0,0,0,0,0,0,0,0,0,0,0,0,0,0,0,0,0,0,0,0,0,0,0,0,0,0,0,0,2003000,17000,486000,3464000,339000,0.000527,424163,1,0,22,1,1848,92200000,97700000,0,0,0,2953000,0.003218021,1,47,24,98.7,176,40.42,19.1,0,NA,NA
Sweden,1966,0,5,-2,1,0,0,0,0,0,0,0,0,0,0,0,0,0,0,0,0,0,0,0,0,0,0,0,0,0,0,0,0,0,0,0,0,0,0,0,0,0,0,0,0,0,0,0,0,0,0,0,0,0,0,0,0,0,4689000,902486000,70000,6858000,7734000,1502000,0.0043228,173745,0,0,0,0,1816,4362900000,3962200000,0,0,0,979000000,0.008896797,1,15,10,99.7,16,73.44,36.2,1,NA,NA
Czechoslovakia,1966,0,7,-2,1,1,1,0,0,0,0,0,0,0,0,1,0,0,0,0,0,0,0,0,0,0,0,0,0,0,0,0,0,0,0,0,0,1,0,0,0,0,0,0,0,0,0,0,0,0,0,0,0,0,1,0,1,0,8599000,1184626000,267000,69061000,14159000,2048000,0.0101333,49382,1,0,10,0,1918,2672000000,2688690000,0,0,1,1510000000,0.018105557,1,16.3,9.5,95.4,23,70.3,31.8,0,NA,NA
East Germany,1970,0,5,-2,1,2,2,0,0,0,0,0,0,0,0,1,0,1,0,0,0,0,1,0,0,0,0,0,0,0,0,0,0,0,0,0,0,1,0,1,0,0,0,0,0,0,0,0,0,0,0,0,0,0,2,1,1,1,4824000,2247866000,201000,99358000,17076000,3752000,0.008775,41828,1,0,10,0,1954,4104600000,4153200000,0,0,0,2980000000,0.011839869,1,15.1,13.7,85.3,21,71.3,34.3,0,NA,NA
France,1970,0,4,-2,1,0,0,0,1,0,0,0,0,0,0,0,0,0,0,0,0,0,0,0,0,0,0,0,0,0,1,0,0,0,0,0,0,0,0,0,0,0,0,0,0,0,0,0,0,0,0,0,0,0,0,0,0,0,22511000,5761015000,570000,197973000,50315000,9424000,0.0246253,260558,0,1,32,1,1816,17494200000,15297100000,0,0,1,6300000000,0.011024605,1,18,11,94.9,25,70.75,32.7,1,NA,NA
Yugoslavia,1970,0,7,-2,1,0,0,0,0,0,0,0,0,0,0,0,0,0,0,0,0,0,0,0,0,0,0,0,0,0,0,0,0,0,0,0,0,0,0,0,0,0,0,0,0,0,0,0,0,0,0,0,0,0,0,0,0,0,2220000,558400000,257000,24115000,20210000,2428000,0.0049883,98766,1,0,0,0,1878,2107510000,1472440000,0,0,0,598000000,0.012541318,1,20,10,97.7,80,64.5,29.2,0,NA,NA
Paraguay,1974,0,5,-2,1,0,0,0,0,0,0,0,0,0,0,0,0,0,0,0,0,0,0,0,0,0,0,0,0,0,0,0,0,0,0,0,0,0,0,0,0,0,0,0,0,0,0,0,0,0,0,0,0,0,0,0,0,0,0,16944000,15000,1295276,2531000,401000,0.0003272,157048,1,0,23,1,1846,115260000,126930000,0,0,0,26317000,0.005641219,1,39,8,99.5,59,65,16.7,0,NA,NA
Trinidad,1974,0,6,-2,1,0,0,0,0,0,0,0,0,0,0,0,0,0,0,0,0,0,0,0,0,0,0,0,0,0,0,0,0,0,0,0,0,0,0,0,0,0,0,0,0,0,0,0,0,0,0,0,0,0,0,0,0,0,0,3726000,1000,32412550,997000,0,0.0005859,659,0,0,22,1,1962,788390000,694530000,0,0,0,5991000,0.000988142,0,28,7,96.8,46,64.98,18.5,1,NA,NA
Portugal,1978,0,9,-2,1,4,1,0,2,1,3,0,0,0,1,0,0,0,0,0,0,0,0,0,0,0,0,0,0,0,2,1,1,0,0,0,0,0,0,0,0,0,0,0,0,0,0,0,0,0,0,0,0,0,0,0,0,0,341000,576899000,80000,11752550,9455000,1168000,0.0015908,35603,0,0,16,1,1816,4981280000,2029440000,0,0,0,702000000,0.008384225,1,20,11,91.6,47,68.17,29.8,1,NA,NA
Norway,1978,0,4,-2,1,0,0,0,0,0,0,0,0,0,0,0,0,0,0,0,0,0,0,0,1,0,0,1,0,0,0,0,0,0,0,0,0,0,0,0,0,0,0,0,0,0,0,0,0,1,0,0,0,0,0,0,0,0,711000,1114680000,39000,33405480,4043000,808000,0.0016552,148746,0,0,14,1,1905,12873300000,8865980000,0,0,0,1450000000,0.009820771,1,16,10,98.7,11,74.36,32.5,1,NA,NA
Romania,1978,0,4,-2,1,0,0,0,0,0,0,0,0,0,0,0,0,0,0,0,0,0,0,0,0,0,0,0,0,0,0,0,0,0,0,0,0,0,0,0,0,0,0,0,0,0,0,0,0,0,0,0,0,0,0,0,0,0,11457000,3397200000,208000,113388600,21658000,5034000,0.0089655,92043,1,0,11,0,1878,7719540000,7020840000,0,0,0,3970000000,0.009524673,1,19,9,97,40,69.21,30.8,0,NA,NA
Bulgaria,1982,0,9,-2,1,0,0,0,0,0,0,0,0,0,0,0,0,0,0,0,0,0,0,0,0,0,0,0,0,0,0,0,0,0,0,0,0,0,0,0,0,0,0,0,0,0,0,0,0,0,0,0,0,0,0,0,0,0,2484000,3461788000,188000,47769370,8891000,2282000,0.0039652,42823,1,0,11,0,1908,3386880000,2003270000,0,0,0,4280000000,0.02114094,1,16,11,99.3,22,71.12,34.2,0,NA,NA
Uruguay,1982,0,4,-2,1,0,0,0,0,0,0,0,0,0,0,0,0,0,0,0,0,0,0,0,0,0,0,0,0,0,0,0,0,0,0,0,0,0,0,0,0,0,0,0,0,0,0,0,0,0,0,0,0,0,0,0,0,0,14000,365098000,28000,3951290,2932000,1202000,0.0006329,68037,1,0,28,1,1882,1626530000,1182610000,0,0,0,181000000,0.01010101,1,20,10,96.3,42,69.54,30.2,0,NA,NA
Switzerland,1986,0,8,-2,1,0,0,0,0,0,0,0,0,0,0,0,0,0,0,0,0,0,0,0,0,0,0,0,0,0,0,0,0,0,0,0,0,0,0,0,0,0,0,0,0,0,0,0,0,0,0,0,0,0,0,0,0,0,987000,2087000000,23000,25348620,6470000,951000,0.0014322,15940,0,0,0,0,1816,30697700000,27448400000,0,0,0,3230000000,0.003055768,1,12,9,95,8,76.09,36,1,NA,NA
Turkey,1990,0,7,-2,1,8,5,1,0,1,0,0,1,2,1,1,1,1,1,0,0,0,0,1,0,1,1,1,1,1,0,1,0,0,1,1,1,1,0,0,1,0,0,0,0,1,0,1,1,1,1,1,2,0,1,1,1,1,7853000,2100000000,780000,138983400,54893000,20548000,0.0125039,302535,0,0,16,1,1816,15934400000,11823400000,0,0,0,4400000000,0.014030189,1,34,11,100.3,97,58.4,20.5,1,NA,NA
Portugal,1990,0,10,-2,1,0,0,0,0,0,0,0,0,0,0,0,0,0,0,0,0,0,0,0,0,1,0,0,0,0,0,0,0,0,0,0,0,0,0,0,0,0,0,0,0,0,0,1,0,0,0,0,0,0,0,0,0,0,761000,1250000000,104000,61615480,9937000,1107000,0.0020584,35603,0,0,24,1,1816,18983400000,12672400000,0,0,1,1430000000,0.00871239,1,15,10,93.1,20,72.33,32.1,1,NA,NA
Trinidad,1990,0,9,-2,1,0,0,0,0,0,0,0,0,0,0,0,0,0,0,0,0,0,0,0,0,0,0,0,0,0,0,0,0,0,0,0,0,0,0,0,0,0,0,0,0,0,0,0,0,0,0,0,0,0,0,0,0,0,0,59000000,2000,15972360,1206000,0,0.0002047,659,0,0,31,1,1962,1244290000,1551550000,0,0,0,29000000,0.001632653,0,28,7,98.3,31,67.69,22.6,1,NA,NA
Britain,1994,0,13,-2,1,4,4,1,0,0,0,0,0,0,1,0,0,2,0,1,0,1,0,0,1,1,0,1,1,0,0,0,0,0,0,0,0,0,0,1,0,1,0,0,0,0,1,0,0,1,1,0,1,0,3,1,1,0,16464000,34020000000,271000,552364400,58191000,48842000,0.025656,94060,0,1,25,1,1816,2.05E+11,1.80E+11,0,0,1,33400000000,0.003975702,1,14,12,94.5,9,75.02,35.8,1,NA,NA
Zimbabwe,1994,0,4,-2,1,0,0,0,0,0,0,0,0,0,0,0,0,0,0,0,0,0,0,0,0,0,0,0,0,1,0,0,0,0,0,0,0,0,0,0,0,0,0,0,0,0,0,0,0,0,0,0,0,0,0,0,0,0,221000,208820000,48000,11258160,10779000,1897000,0.0010832,150871,1,0,0,0,1965,1813520000,1327520000,0,0,0,233000000,0.003470415,1,39,9,99.1,56,61.56,16.8,0,NA,NA
Costa Rica,1998,0,12,-2,1,1,1,0,0,0,0,0,0,0,1,0,0,0,0,0,0,0,0,0,0,0,0,0,0,0,0,0,0,0,0,0,0,0,0,0,0,0,0,0,0,0,0,0,0,0,0,0,0,0,0,0,0,0,0,59000000,10000,2802023,3464000,737000,0.0002793,19653,0,0,33,1,1920,4969650000,4205520000,0,0,0,69000000,0.002542588,1,25,4,103.4,15,76.22,23.7,1,NA,NA
Senegal,2006,0,21,-2,1,1,0,0,0,0,0,0,0,1,0,0,0,0,0,0,0,0,0,0,0,0,0,0,0,0,0,0,0,0,0,0,0,0,0,0,0,0,0,0,0,0,0,0,0,0,0,0,0,0,0,0,0,0,0,125000000,13000,3382201,10848000,3163000,0.0006718,76000,0,0,14,0,1960,3215330000,1443470000,0,0,1,193000000,0.00125538,1,40,11,98.8,60,56.59,17,1,NA,NA
Romania,1954,0,4,-3,0,2,1,0,0,0,0,0,1,0,0,0,0,1,0,0,0,0,0,0,0,0,0,0,0,0,0,0,0,0,1,0,0,0,0,1,0,0,0,0,0,0,0,0,0,0,0,0,1,0,0,0,0,0,717000,656301000,271000,22850000,16847000,1624000,0.0072789,92043,1,0,4,0,1878,385000000,341000000,0,0,0,432000000,0.015699856,1,NA,NA,NA,NA,NA,NA,0,NA,NA
Norway,1966,0,7,-3,0,0,0,0,1,0,0,0,0,0,0,0,0,0,0,0,0,0,0,0,0,0,1,0,0,0,0,0,0,0,0,0,0,0,0,0,0,0,0,0,0,0,0,0,0,0,0,0,0,0,0,0,0,0,676000,264944000,35000,4415000,3723000,652000,0.0013421,148746,0,0,14,1,1905,2203100000,1439300000,0,0,0,293000000,0.009247028,1,17,9,99.3,17,73.47,34.1,1,NA,NA
East Germany,1966,0,4,-3,0,1,0,0,0,0,0,1,0,0,0,0,0,0,0,0,0,0,0,1,0,1,0,0,0,0,0,0,0,1,0,0,0,0,0,0,0,0,0,0,0,1,0,1,0,0,0,0,0,0,0,1,0,1,4313000,920701000,205000,95427000,17020000,3516000,0.0092041,41828,1,0,7,0,1954,2809690000,3069800000,0,0,0,1150000000,0.011766772,1,17.4,13.3,83.9,31,70.3,34.9,0,NA,NA
Costa Rica,1966,0,4,-3,0,0,0,0,0,0,0,0,0,0,0,0,0,0,0,0,0,0,0,0,0,0,0,0,0,0,0,0,0,0,0,0,0,0,0,0,0,0,0,0,0,0,0,0,0,0,0,0,0,0,0,0,0,0,0,2331000,2000,81000,1490000,178000,0.0001491,19653,0,0,24,1,1920,178100000,111900000,0,0,0,2632000,0.001257862,1,44,10,103.4,81,63.01,17,1,NA,NA
Chile,1970,0,4,-3,0,2,1,0,0,0,0,1,0,0,0,1,0,0,0,0,0,0,0,0,0,0,0,0,0,0,0,0,0,1,0,0,0,1,0,0,0,0,0,0,0,0,0,0,0,0,0,0,0,0,0,0,0,0,601000,125684000,70000,18302000,9325000,3562000,0.0025708,291930,0,0,22,1,1839,907160000,1075430000,0,0,1,250000000,0.007232152,1,38,12,97.6,109,58.05,20.1,1,NA,NA
Portugal,1974,0,7,-3,0,10,7,3,0,0,1,1,0,1,1,0,2,1,3,0,0,0,1,0,0,0,0,0,0,0,0,0,0,1,0,1,1,0,2,1,1,0,0,0,0,0,0,0,0,0,0,0,1,0,5,1,5,1,497000,678312000,276000,9243234,8633000,1083000,0.0030668,35603,1,0,16,1,1816,3018750000,1833460000,0,0,0,779000000,0.011437369,1,22,11,90.4,61,66.24,29.6,0,NA,NA
Haiti,1978,0,7,-3,0,0,0,0,0,0,0,0,0,0,0,0,0,0,0,0,0,0,0,0,0,0,0,0,0,0,0,0,0,0,0,0,0,0,0,0,0,0,0,0,0,0,0,0,0,0,0,0,0,0,0,0,0,0,0,12280000,7000,1317265,5093000,481000,0.0003647,10714,1,0,24,1,1859,207340000,143210000,0,0,1,13600000,0.001329282,1,38,17,96.8,137,47.96,19.1,0,NA,NA
Honduras,1986,0,3,-3,0,1,1,1,0,0,0,0,0,0,0,0,0,0,0,1,0,0,0,0,0,1,1,0,0,0,0,0,0,0,0,0,0,0,0,0,0,0,0,0,0,0,0,0,0,0,0,0,0,0,0,0,0,0,0,71580000,21000,2223414,4372000,1023000,0.0004688,43278,0,0,30,1,1899,888110000,780120000,0,0,1,138000000,0.004295533,1,42,9,100.6,65,61.34,16.8,0,NA,NA
Congo,1998,0,10,-3,0,0,0,0,0,0,0,0,0,0,0,0,0,0,0,0,0,0,0,0,0,0,0,0,0,0,0,0,0,0,0,0,0,0,0,0,0,0,0,0,0,0,0,0,0,0,0,0,0,0,0,0,0,0,0,74000000,10000,2601711,2745000,1594000,0.0003444,132047,1,0,0,0,1960,926630000,2258790000,0,1,0,73000000,0.00349162,1,38,12,99.6,74,55.27,18.4,0,NA,NA
Honduras,2002,0,14,-3,0,3,3,2,0,0,0,0,0,0,0,0,1,0,2,0,0,0,0,0,0,0,0,0,0,0,0,0,0,0,0,0,0,0,1,0,1,0,0,0,0,0,0,0,0,0,0,0,0,0,1,0,1,0,8000,96000000,8000,3922918,6530000,1556000,0.0004233,43278,0,0,33,1,1899,2956900000,1125930000,0,0,0,53000000,0.001749016,1,33,6,99.8,35,69.73,18.4,1,NA,NA
Benin,2010,0,10,-3,0,0,0,0,0,0,0,0,0,0,0,0,0,0,0,0,0,0,0,0,0,0,0,0,0,0,0,0,0,0,0,0,0,0,0,0,0,0,0,0,0,0,0,0,0,0,0,0,0,0,0,0,0,0,0,49000000,5000,2555113,7612000,1314000,0.0003569,43484,0,0,14,0,1960,6022800000,413190000,0,0,0,NA,NA,1,42,13,94.4,91,53.27,17.1,1,NA,NA
Lithuania,1934,0,0,-4,0,0,0,0,0,0,0,0,0,0,0,0,0,0,0,0,0,0,0,0,0,0,0,0,1,0,0,0,0,0,0,0,0,0,0,0,0,0,0,0,0,0,0,0,0,0,0,0,0,0,0,0,0,0,0,4900000,20000,1419000,2423000,102000,0.0011963,25212,NA,0,1,0,1918,14210000,16020000,0,0,0,11037000,0.009292929,0,NA,NA,NA,NA,NA,NA,0,NA,NA
Sweden,1954,0,3,-4,0,0,0,0,0,0,0,0,0,0,0,0,0,0,0,0,0,0,0,0,0,0,0,0,0,0,0,0,0,0,0,0,0,0,0,0,0,0,0,0,0,0,0,0,0,0,0,0,0,0,0,0,0,0,1759000,391119000,-9000,5686000,7192000,1595000,0.0044951,173745,0,0,0,0,1816,1557700000,1474800000,0,0,1,438000000,-0.001239328,1,NA,NA,NA,NA,NA,NA,1,NA,NA
Ireland,1954,0,4,-4,0,0,0,0,0,0,0,0,0,0,0,0,0,0,0,0,0,0,0,0,0,0,0,0,0,0,0,0,0,0,0,0,0,0,0,0,0,0,0,0,0,0,0,0,0,0,0,0,0,0,0,0,0,0,16000,25007000,13000,2943000,2949000,527000,0.0008281,32959,0,0,0,0,1922,504200000,316200000,0,0,0,22556000,0.004450531,0,NA,NA,NA,NA,NA,NA,1,NA,NA
Greece,1954,0,4,-4,0,2,0,0,0,1,0,1,1,0,0,0,0,0,0,0,0,0,0,0,0,0,0,0,0,0,0,0,0,0,0,0,0,0,0,0,0,0,0,0,0,0,0,0,0,0,0,0,0,0,0,0,0,0,41000,183732000,171000,337000,7817000,1011000,0.0027944,50944,0,0,15,1,1828,290500000,129900000,0,0,0,123000000,0.018076827,1,NA,NA,NA,NA,NA,NA,1,NA,NA
Paraguay,1954,0,4,-4,0,0,0,0,0,0,0,0,0,0,0,0,0,0,0,0,0,0,0,0,0,0,0,0,0,0,0,0,0,0,0,0,0,0,0,0,0,0,0,0,0,0,0,0,0,0,0,0,0,0,0,0,0,0,0,-9000,6000,7000,1487000,227000,0.0003275,157048,1,0,21,1,1846,24000000,31000000,0,0,1,14190000,0.003836317,1,NA,NA,NA,NA,NA,NA,0,NA,NA
United States,1954,0,4,-4,0,4,3,3,0,0,0,0,1,0,0,0,0,0,2,1,0,2,0,0,1,0,1,1,2,0,0,0,0,0,1,0,0,0,0,0,1,0,0,0,0,0,0,0,0,0,1,0,2,0,0,1,0,1,101250000,49621008000,3555000,1347597000,160184000,46581000,0.3111584,3794101,0,1,38,1,1816,11469000000,15337000000,0,0,1,40500000000,0.017688075,0,NA,NA,NA,NA,NA,NA,1,NA,NA
Turkey,1962,0,4,-4,0,5,2,0,0,0,0,0,2,1,1,0,1,0,0,0,1,0,0,1,0,0,0,1,0,0,0,0,0,0,2,1,1,0,0,0,0,0,0,0,0,1,0,0,0,1,0,0,0,2,0,2,0,2,282000,300664000,400000,5016000,28227000,3474000,0.0069923,302535,0,0,23,1,1816,508800000,347000000,0,0,0,349000000,0.016019156,1,47,18,103.3,164,48.05,19.6,1,NA,NA
Portugal,1962,0,3,-4,0,1,1,1,0,1,0,0,0,0,0,0,0,0,0,1,1,0,1,0,0,0,0,0,1,0,0,0,0,0,0,0,0,0,0,0,0,1,1,0,1,0,0,0,0,0,1,0,0,0,0,1,0,1,6000,170725000,75000,2829000,8938000,1150000,0.0018871,35603,1,0,16,1,1816,648390000,329810000,0,0,0,198000000,0.015965646,1,24,12,91.7,89,62.09,27.9,0,NA,NA
Peru,1966,0,4,-4,0,1,0,0,0,0,0,0,0,1,0,0,0,0,0,0,0,0,0,0,0,0,1,0,0,0,0,0,0,0,0,1,0,0,0,0,0,0,0,0,0,0,0,0,1,0,0,0,0,0,0,0,0,0,94000,122520000,70000,4832000,11467000,2625000,0.0022389,496225,0,0,19,1,1839,728900000,667600000,0,0,0,186000000,0.005769865,1,47,18,101.4,138,49.07,18.1,1,NA,NA
Paraguay,1966,0,3,-4,0,1,0,0,0,0,0,0,1,0,0,0,0,0,0,0,0,0,0,0,0,0,0,0,0,0,0,0,0,0,0,0,0,0,0,0,0,0,0,0,0,0,0,0,0,0,0,0,0,0,0,0,0,0,0,12000000,20000,17000,2081000,312000,0.0003715,157048,1,0,20,1,1846,52100000,57300000,0,0,0,10000000,0.009153318,1,41,8,98.1,62,64.31,16.2,0,NA,NA
Paraguay,1970,0,8,-4,0,0,0,0,0,0,0,0,0,0,0,0,0,0,0,0,0,0,0,0,0,0,0,0,0,0,0,0,0,0,0,0,0,0,0,0,0,0,0,0,0,0,0,0,0,0,0,0,0,0,0,0,0,0,0,11000000,20000,251000,2294000,411000,0.0003629,157048,1,0,23,1,1846,80980000,50950000,0,0,0,14405000,0.00622665,1,41,8,98.1,62,64.31,16.2,0,NA,NA
Turkey,1974,0,6,-4,0,0,0,0,0,0,0,0,0,0,0,0,0,0,0,0,1,1,0,0,1,0,0,0,0,1,0,0,0,0,0,0,0,0,0,0,0,0,1,1,0,0,1,0,0,0,0,1,0,1,0,1,0,1,1163000,861625000,563000,35353680,38073000,7711000,0.0083792,302535,0,0,21,1,1816,2095600000,1316520000,0,0,0,2090000000,0.014590516,1,40,17,101.7,157,49.05,18.5,1,NA,NA
South Korea,1978,0,10,-4,0,2,2,1,0,0,0,0,0,0,1,0,0,0,0,1,0,0,0,0,0,0,0,0,1,0,0,0,0,0,0,0,1,0,0,0,0,1,0,0,0,0,0,0,0,0,1,0,0,0,1,0,0,0,2764000,1470743000,600000,56983860,36412000,17853000,0.0108482,38691,1,0,1,1,1949,10805800000,10048100000,0,0,0,2720000000,0.016997922,1,30,8,101,38,63.17,20,0,NA,NA
Denmark,1982,0,8,-4,0,0,0,0,0,0,0,0,0,0,0,0,0,0,0,0,0,0,0,0,0,0,0,0,0,0,0,0,0,0,0,0,0,0,0,0,0,0,0,0,0,0,0,0,0,0,0,0,0,0,0,0,0,0,613000,1446237000,33000,20668770,5122000,1095000,0.0013654,16562,0,0,15,1,1816,17565200000,16087200000,0,0,0,1480000000,0.00586625,1,12,10,97.5,9,74.23,34.3,1,NA,NA
East Germany,1982,0,4,-4,0,0,0,0,0,0,0,0,0,0,0,0,0,0,0,0,0,0,0,0,0,0,0,0,0,0,0,0,0,0,0,0,0,0,0,0,0,0,0,0,0,0,0,0,0,0,0,0,0,0,0,0,0,0,7467000,8111249000,231000,191087800,16736000,4346000,0.0091922,41828,1,0,15,0,1954,6150900000,5273220000,0,0,0,9810000000,0.014132583,1,13.1,13.9,88.3,13,71.6,35.5,0,NA,NA
Ecuador,1982,0,3,-4,0,2,1,0,0,0,1,0,0,0,0,0,0,1,0,0,0,0,0,0,0,0,0,0,0,0,0,0,1,0,0,0,0,0,0,1,0,0,0,0,0,0,0,0,0,0,0,0,0,0,1,0,0,0,28000,247996000,34000,10842240,8183000,2373000,0.0011365,106889,0,0,29,1,1854,2246040000,2540270000,0,0,0,215000000,0.004514934,1,38,10,101.1,82,61.42,18.4,1,NA,NA
Hungary,1990,0,8,-4,0,0,0,0,0,0,0,0,0,0,0,0,0,0,0,0,0,0,0,0,0,0,0,0,1,0,0,0,0,0,0,0,0,0,0,0,0,0,0,0,0,0,0,0,0,0,0,0,0,0,0,0,0,0,3220000,1810000000,109000,61516020,10398000,3299000,0.003049,35919,1,0,7,0,1918,8885180000,9682230000,0,0,1,1240000000,0.008409047,1,13,14,93.1,20,69.08,35.1,0,NA,NA
Iceland,1994,0,8,-4,0,0,0,0,0,0,0,0,0,0,0,0,0,0,0,0,0,0,0,0,0,0,0,0,1,0,0,0,0,0,0,0,0,0,0,0,0,0,0,0,0,0,0,0,0,0,1,0,0,0,0,0,0,0,50000,0,0,1477503,264000,101000,0.0000438,39770,0,0,15,1,1944,1355970000,1403520000,0,0,0,0,0,1,17,7,100.8,6,77.61,30,1,NA,NA
Angola,1998,0,10,-4,0,3,3,2,0,0,0,0,0,0,1,0,0,0,1,1,0,1,0,0,0,0,1,0,0,1,0,0,0,0,0,0,0,0,0,0,1,1,0,0,0,0,0,0,1,0,0,0,0,0,1,1,1,1,9000,764000000,95000,13094360,11569000,2260000,0.001521,481354,1,0,0,0,1975,2524420000,4310250000,0,0,0,1010000000,0.008013463,1,52,23,96.9,150,41.39,16.1,0,NA,NA
Zimbabwe,2002,0,12,-4,0,1,0,0,0,0,0,0,0,1,0,0,0,0,0,0,0,0,0,0,0,0,0,0,0,0,0,0,0,0,0,0,0,0,0,0,0,0,0,0,0,0,0,0,0,0,0,0,0,0,0,0,0,0,149000,267000000,39000,14600160,12960000,2365000,0.0010551,150871,1,0,3,0,1965,1717570000,2221830000,0,0,0,110000000,0.002289594,1,31,15,98.7,65,48.19,18.2,0,NA,NA
Gabon,2010,0,9,-4,0,0,0,0,0,0,0,0,0,0,0,0,0,0,0,0,0,0,0,0,0,0,0,0,0,0,0,0,0,0,0,0,0,0,0,0,0,0,0,0,0,0,0,0,0,0,0,0,0,0,0,0,0,0,0,111000000,5000,3126266,1320000,561000,0.0001514,103347,1,0,11,0,1960,2378710000,4783520000,0,0,0,NA,NA,1,30,10,99,58,59.26,19.3,0,NA,NA
Burkina Faso,2010,0,12,-4,0,0,0,0,0,0,0,0,0,0,0,0,0,0,0,0,0,0,0,0,0,0,0,0,0,0,0,0,0,0,0,0,0,0,0,0,0,0,0,0,0,0,0,0,0,0,0,0,0,0,0,0,0,0,0,72000000,11000,3889702,13117000,1966000,0.0006079,105869,1,0,14,0,1960,1762140000,450330000,0,0,0,NA,NA,1,45,14,97,86,51.24,16.5,0,NA,NA
Netherlands,1962,0,2,-5,0,0,0,0,0,0,0,0,0,0,0,0,0,0,0,0,0,0,0,0,0,0,0,0,0,0,0,0,0,0,0,0,0,0,0,0,0,0,0,0,0,0,0,0,0,0,0,0,0,0,0,0,0,0,1971000,533952000,141000,48814000,11637000,3816000,0.0067848,290587,0,0,20,1,1816,5064000000,4259800000,0,0,0,641000000,0.010863207,1,21,8,99.2,18,72.94,28.7,1,NA,NA
Belgium,1978,0,6,-5,0,0,0,0,0,0,0,0,0,0,0,0,0,0,0,0,0,0,0,0,0,0,0,0,0,0,0,0,0,0,0,0,0,0,0,0,0,0,0,0,0,0,0,0,0,0,0,0,0,0,0,0,0,0,11256000,2496443000,107000,88463780,9822000,1124000,0.0063332,424163,0,0,20,1,1830,38731050000,35961860000,0,0,1,3630000000,0.0108773,1,14,12,95.6,17,71.63,34,1,NA,NA
Ivory Coast,2002,0,15,-5,0,0,0,0,0,0,0,0,0,0,0,0,0,0,0,0,0,0,0,0,0,1,0,0,0,0,0,0,0,0,0,0,0,0,0,0,0,0,0,0,0,0,0,1,0,0,0,0,0,0,0,0,0,0,0,80000000,14000,9240812,16928000,4047000,0.0009999,124502,0,0,14,0,1960,2794300000,3887420000,0,0,0,172000000,0.000944392,1,38,14,106.2,92,50.28,18.7,0,NA,NA
DRC,2006,0,16,-5,0,0,0,0,0,0,0,0,0,0,0,0,0,0,0,0,0,0,0,1,0,0,0,0,0,0,0,0,0,0,0,0,0,0,0,0,0,0,0,0,0,0,0,0,0,0,0,0,0,0,0,1,0,1,30000,150000000,64000,24372850,59077000,15988000,0.0034654,905355,1,0,11,0,1960,1648010000,1370130000,0,0,0,166000000,0.000815713,1,48,18,98.5,120,46.65,16,0,NA,NA
Zambia,1974,0,2,-6,0,1,1,1,0,0,0,0,0,0,0,0,0,0,1,0,0,0,0,0,2,0,0,0,0,0,0,0,0,0,0,0,0,0,0,0,1,0,0,0,0,0,1,0,0,0,0,0,0,0,1,1,1,1,0,52000000,16000,5230405,4614000,1223000,0.0006918,387048,1,0,0,0,1964,530880000,1136360000,0,0,0,62000000,0.003269978,1,49,18,98.7,118,47.83,16.8,0,NA,NA
Bolivia,1982,0,2,-6,0,1,0,0,0,0,0,0,1,0,0,0,0,0,0,0,0,0,0,0,0,0,0,0,0,0,0,0,0,0,1,0,0,0,0,0,0,0,0,0,0,0,0,0,0,0,0,0,0,0,0,0,0,0,0,186007000,26000,6334428,5459000,1711000,0.0007883,16039,1,0,30,1,1848,905190000,963660000,0,0,0,197000000,0.004759387,1,41,16,97.3,131,50.06,18.7,0,NA,NA
Finland,1990,0,3,-6,0,0,0,0,0,0,0,0,0,0,0,0,0,0,0,0,0,0,0,0,0,0,0,0,0,0,0,0,0,0,0,0,0,0,0,0,0,0,0,0,0,0,0,0,0,0,0,0,0,0,0,0,0,0,2899000,1570000000,39000,79581840,4964000,1209000,0.0022171,130596,0,0,1,0,1917,24432200000,23304600000,0,0,0,2200000000,0.00638213,0,13,9,93.9,6,74.28,34.7,1,NA,NA
Egypt,1998,0,10,-6,0,3,2,0,0,0,1,0,0,0,1,0,1,0,0,0,0,0,0,1,0,0,0,0,0,0,0,0,0,0,0,0,1,0,1,0,0,0,0,0,0,0,0,0,0,0,0,0,0,1,1,0,1,0,2717000,2743000000,430000,83051450,62011000,18986000,0.0086076,11787,1,0,35,0,1855,13168000000,3907970000,0,0,0,2990000000,0.006396335,1,29,8,101,67,63.73,20.2,0,NA,NA
Angola,2002,0,13,-6,0,4,1,1,0,0,1,1,0,1,0,0,0,0,1,0,0,1,0,0,0,0,1,0,0,0,0,0,1,1,0,0,0,0,0,0,1,0,0,0,0,0,0,0,0,0,0,0,1,0,1,1,1,1,9000,1470000000,130000,14821580,12883000,2734000,0.0020368,481354,1,0,13,0,1975,3436290000,6219930000,1,0,0,366000000,0.007669202,1,51,21,97.3,138,43.31,16.1,0,NA,NA
Sierra Leone,1998,0,7,-9,0,0,0,0,0,0,0,0,0,0,0,0,0,0,0,0,0,0,1,0,0,0,1,0,1,0,0,0,0,0,0,0,0,0,0,0,0,0,0,0,1,0,0,0,1,0,1,0,0,0,0,0,0,0,0,51000000,5000,1892232,4428000,649000,0.0002523,27699,1,0,15,0,1961,234610000,17200000,0,0,0,11000000,0.000635997,1,44,26,94.8,166,37.48,18.6,0,NA,NA
